protein,tag,dms_id,year,snapshot_bytes,bitscore_per_residue,query_length,threshold_bits,jackhmmer_elapsed_s,jackhmmer_rounds,jackhmmer_converged,n_hits,n_alignment_rows,N_raw,L_raw,N_final,L_final,theta,Neff,Neff_over_L,clears_depth_floor,Neff_at_90pct_identity,n_singleton_sequences,n_variants,n_scored_directly,n_imputed,imputed_value,wt_wt_all_zero,predicted_score_mean,predicted_score_std,n_joined,n_dropped_from_dms,spearman_rho,spearman_pvalue,bootstrap_ci_95_lo,bootstrap_ci_95_hi,spearman_rho_excl_imputed,n_excl_imputed,snapshot_gb,db_n_seqs,db_n_residues,imputed_frac,status
dengue_polg,2010_t0.03,suphatrakul_fitness,2010,4079792296,0.03,900,27.0,231.9,5,False,13632,13643,13643,900,2474,114,0.01,130.40790156259362,1.1439289610753827,True,51.628488099731335,65,16897,2160,14737,-3.940213741623786,True,-3.940213741623786,1.2270015738421378,16897,0,0.1940504685018235,4.832167571182661e-143,0.1810341743905025,0.20691651599771707,0.4837060310192248,2160,4.08,9808438,3413904443,0.8722,DONE
dengue_polg,2010_t0.04,suphatrakul_fitness,2010,4079792296,0.04,900,36.0,208.1,5,False,3488,3231,3231,900,2474,899,0.01,179.7370754730568,0.1999300060879386,False,64.86368524706171,99,16897,16878,19,-4.098867424124383,True,-4.098867424124384,1.4019141252266196,16897,0,0.570886441308763,0.0,0.5603477429590034,0.5811821844539503,0.5707721888075312,16878,4.08,9808438,3413904443,0.0011,DONE
dengue_polg,2010_t0.05,suphatrakul_fitness,2010,4079792296,0.05,900,45.0,153.7,4,True,3040,3042,3042,900,2474,899,0.01,180.7370754730568,0.2010423531402189,False,64.86392411982416,101,16897,16878,19,-4.0997237170593905,True,-4.0997237170593905,1.4058128169414263,16897,0,0.570978985396566,0.0,0.5604265582948236,0.581197754593707,0.5708662698629421,16878,4.08,9808438,3413904443,0.0011,DONE
dengue_polg,2010_t0.1,suphatrakul_fitness,2010,4079792296,0.1,900,90.0,157.3,4,True,2973,2975,2975,900,2474,899,0.01,180.22798456396586,0.2004760673681489,False,65.86392411982416,100,16897,16878,19,-4.097320370553539,True,-4.097320370553539,1.4048033597349463,16897,0,0.5709232645226506,0.0,0.5603767937608389,0.5811449767655853,0.5708101990848773,16878,4.08,9808438,3413904443,0.0011,DONE
dengue_polg,2010_t0.3,suphatrakul_fitness,2010,4079792296,0.3,900,270.0,111.4,3,True,2684,2685,2685,900,2474,899,0.01,180.4247752080679,0.20069496686103214,False,65.86360663070951,100,16897,16878,19,-4.099289192456963,True,-4.099289192456963,1.4044054477197723,16897,0,0.5714318689735987,0.0,0.560876363531857,0.5817117722691987,0.5713213045124462,16878,4.08,9808438,3413904443,0.0011,DONE
dengue_polg,2010_t0.5,suphatrakul_fitness,2010,4079792296,0.5,900,450.0,107.7,3,True,2571,2571,2571,900,2472,899,0.01,178.4247752080679,0.19847027275647153,False,64.8636066307095,98,16897,16878,19,-4.109862321386496,True,-4.109862321386496,1.400702275871771,16897,0,0.571857996639819,0.0,0.5611677646637774,0.5822917122048159,0.5717329493396137,16878,4.08,9808438,3413904443,0.0011,DONE
dengue_polg,2011_t0.03,suphatrakul_fitness,2011,4885039979,0.03,900,27.0,268.0,5,False,15012,15026,15026,900,2766,116,0.01,134.7014613765615,1.16121949462553,True,52.411462068523846,66,16897,2198,14699,-3.975164597009744,True,-3.975164597009744,1.2317481005060047,16897,0,0.1966748817724683,5.848714294975964e-147,0.18350819690223405,0.20950011398936894,0.49059214359299175,2198,4.89,11659891,4093709742,0.8699,DONE
dengue_polg,2011_t0.04,suphatrakul_fitness,2011,4885039979,0.04,900,36.0,255.8,5,False,10452,9794,9794,900,2766,257,0.01,150.85035123548397,0.586966347219782,False,55.33986978405105,82,16897,4873,12024,-4.2105427849613175,True,-4.2105427849613175,1.1814569179671568,16897,0,0.3515982808593529,0.0,0.3380277621522468,0.3647602963578556,0.5246583113320564,4873,4.89,11659891,4093709742,0.7116,DONE
dengue_polg,2011_t0.05,suphatrakul_fitness,2011,4885039979,0.05,900,45.0,180.7,4,True,3288,3290,3290,900,2766,899,0.01,189.00622870006768,0.2102405213571387,False,65.85559271160702,104,16897,16878,19,-4.1301568886267175,True,-4.130156888626718,1.4273993332959045,16897,0,0.5718760644985238,0.0,0.5613247984636105,0.5821247322487267,0.5717661887487193,16878,4.89,11659891,4093709742,0.0011,DONE
dengue_polg,2011_t0.1,suphatrakul_fitness,2011,4885039979,0.1,900,90.0,186.9,4,True,3223,3225,3225,900,2766,899,0.01,188.48056824940724,0.2096558045043462,False,66.85559271160702,103,16897,16878,19,-4.127784917703217,True,-4.1277849177032175,1.426181217427299,16897,0,0.5717636592297646,0.0,0.5611961270030433,0.5819998551548954,0.5716529568489639,16878,4.89,11659891,4093709742,0.0011,DONE
dengue_polg,2011_t0.3,suphatrakul_fitness,2011,4885039979,0.3,900,270.0,130.6,3,True,2987,2988,2988,900,2766,899,0.01,188.40827935564576,0.209575394166458,False,66.85559271160703,103,16897,16878,19,-4.128262548513318,True,-4.128262548513318,1.4256549158012235,16897,0,0.5723009725409072,0.0,0.5617356113452614,0.5825944677121595,0.5721923363646948,16878,4.89,11659891,4093709742,0.0011,DONE
dengue_polg,2011_t0.5,suphatrakul_fitness,2011,4885039979,0.5,900,450.0,132.4,3,True,2873,2873,2873,900,2764,899,0.01,186.4082793556458,0.20735070006189743,False,65.85559271160702,101,16897,16878,19,-4.139157613455984,True,-4.139157613455985,1.4220085583376167,16897,0,0.5727634215203963,0.0,0.5621343293845196,0.5831298690692246,0.5726413654720678,16878,4.89,11659891,4093709742,0.0011,DONE
dengue_polg,2012_t0.03,suphatrakul_fitness,2012,6617777514,0.03,900,27.0,347.7,5,False,18050,18041,18041,900,3122,111,0.01,138.56988081100997,1.2483773046036934,True,52.78179398596314,79,16897,2103,14794,-3.9878631909703457,True,-3.9878631909703457,1.2410210872999192,16897,0,0.19085655830252155,2.371178279861592e-138,0.17762881697835453,0.20378155448173255,0.49664333499099317,2103,6.62,15688962,5566407792,0.8755,DONE
dengue_polg,2012_t0.04,suphatrakul_fitness,2012,6617777514,0.04,900,36.0,327.3,5,False,12641,12543,12543,900,3122,196,0.01,206.4991198127284,1.0535669378200427,True,59.438232266377206,126,16897,3715,13182,-4.420615207677243,True,-4.420615207677243,1.2655316140337702,16897,0,0.28043576949242505,6.919590552003705e-303,0.26718780690549226,0.293554290267064,0.5170900444773279,3715,6.62,15688962,5566407792,0.7801,DONE
dengue_polg,2012_t0.05,suphatrakul_fitness,2012,6617777514,0.05,900,45.0,294.6,5,True,3499,3503,3503,900,3122,899,0.01,207.06979080907888,0.23033347142277963,False,68.84180811603612,126,16897,16878,19,-4.204322214547292,True,-4.204322214547292,1.4549237522544733,16897,0,0.5701092514098494,0.0,0.5594936111969511,0.5803257935285664,0.5699952286466177,16878,6.62,15688962,5566407792,0.0011,DONE
dengue_polg,2012_t0.1,suphatrakul_fitness,2012,6617777514,0.1,900,90.0,240.0,4,True,3457,3460,3460,900,3122,899,0.01,206.32732258283914,0.22950758907991006,False,69.84170269393849,126,16897,16878,19,-4.199846632742555,True,-4.199846632742555,1.4538913112599412,16897,0,0.5699902649236331,0.0,0.5593969995899247,0.5802359997769999,0.5698773599568134,16878,6.62,15688962,5566407792,0.0011,DONE
dengue_polg,2012_t0.3,suphatrakul_fitness,2012,6617777514,0.3,900,270.0,171.6,3,True,3290,3291,3291,900,3122,899,0.01,206.283500655659,0.22945884388838597,False,68.8417026939385,126,16897,16878,19,-4.200885543045064,True,-4.200885543045063,1.4527432169310028,16897,0,0.57020815892976,0.0,0.5595982160494525,0.5804311507067899,0.5700972310149565,16878,6.62,15688962,5566407792,0.0011,DONE
dengue_polg,2012_t0.5,suphatrakul_fitness,2012,6617777514,0.5,900,450.0,224.7,4,True,3191,3191,3191,900,3121,900,0.01,184.40709756025842,0.2048967750669538,False,67.67366148816308,107,16897,16897,0,-4.093086362648624,True,-4.093086362648624,1.4458433442299365,16897,0,0.5699332765935036,0.0,0.5593777200171287,0.580276082282085,0.5699332765935036,16897,6.62,15688962,5566407792,0.0,DONE
dengue_polg,2013_t0.03,suphatrakul_fitness,2013,8577285583,0.03,900,27.0,434.4,5,False,21922,21804,21804,900,3364,107,0.01,143.83480086281247,1.3442504753533875,True,56.96975234168,78,16897,2027,14870,-3.971831304954053,True,-3.9718313049540526,1.2983936357688357,16897,0,0.1877770594346266,6.587901920452592e-134,0.1744343415227307,0.20059498756412958,0.5106327561972972,2027,8.58,20491136,7223080691,0.88,DONE
dengue_polg,2013_t0.04,suphatrakul_fitness,2013,8577285583,0.04,900,36.0,398.9,5,False,9646,8676,8676,900,3364,255,0.01,171.4163193380135,0.6722208601490726,False,59.737585515017486,98,16897,4835,12062,-4.257940150966062,True,-4.257940150966062,1.2613259193706956,16897,0,0.3384565154408568,0.0,0.3246933056531074,0.3518327998621622,0.517394199222108,4835,8.58,20491136,7223080691,0.7139,DONE
dengue_polg,2013_t0.05,suphatrakul_fitness,2013,8577285583,0.05,900,45.0,291.2,4,True,3766,3770,3770,900,3364,899,0.01,224.47317064699496,0.24969206968520016,False,71.42362709494769,136,16897,16878,19,-4.243156072201512,True,-4.243156072201512,1.4978073920454524,16897,0,0.5734171900307186,0.0,0.5628654594642283,0.5836262840289748,0.5733127778341832,16878,8.58,20491136,7223080691,0.0011,DONE
dengue_polg,2013_t0.1,suphatrakul_fitness,2013,8577285583,0.1,900,90.0,294.2,4,True,3726,3729,3729,900,3364,899,0.01,224.4402184905048,0.24965541545106207,False,72.41720342839834,135,16897,16878,19,-4.241905678099938,True,-4.241905678099938,1.4980246464724165,16897,0,0.5732456475227068,0.0,0.5626943951501416,0.5834693497005925,0.5731406360704049,16878,8.58,20491136,7223080691,0.0011,DONE
dengue_polg,2013_t0.3,suphatrakul_fitness,2013,8577285583,0.3,900,270.0,280.2,4,True,3538,3539,3539,900,3364,900,0.01,200.89209467876282,0.22321343853195869,False,71.33493876668145,114,16897,16897,0,-4.121139204324431,True,-4.121139204324431,1.4873794761418488,16897,0,0.5732715533100516,0.0,0.5626955981405338,0.5834344965937919,0.5732715533100516,16897,8.58,20491136,7223080691,0.0,DONE
dengue_polg,2013_t0.5,suphatrakul_fitness,2013,8577285583,0.5,900,450.0,350.6,5,True,3443,3443,3443,900,3363,900,0.01,200.145952041045,0.22238439115671668,False,70.33554475885249,114,16897,16897,0,-4.132986661208216,True,-4.132986661208216,1.4886819345887836,16897,0,0.5731016685622995,0.0,0.5625024243189123,0.5834071328057021,0.5731016685622995,16897,8.58,20491136,7223080691,0.0,DONE
dengue_polg,2014_t0.03,suphatrakul_fitness,2014,14387857648,0.03,900,27.0,675.8,5,False,31375,31046,31046,900,3672,159,0.01,219.5152657031749,1.3805991553658798,True,75.01824524240844,125,16897,3013,13884,-4.345573588418819,True,-4.345573588418819,1.3647806649076613,16897,0,0.217045933654533,2.6234316163977413e-179,0.2037171968142245,0.23004215675677722,0.5305820523396916,3013,14.39,33613081,12161501052,0.8217,DONE
dengue_polg,2014_t0.04,suphatrakul_fitness,2014,14387857648,0.04,900,36.0,630.2,5,False,22135,22191,22191,900,3672,115,0.01,161.64274034734444,1.4055890464986474,True,56.185366437179674,86,16897,2179,14718,-4.097402918880107,True,-4.097402918880107,1.3047441773124075,16897,0,0.19568536028073388,1.7808521832731908e-145,0.18256190859522448,0.2085031466993009,0.4942466181663283,2179,14.39,33613081,12161501052,0.871,DONE
dengue_polg,2014_t0.05,suphatrakul_fitness,2014,14387857648,0.05,900,45.0,443.9,4,True,4104,4107,4107,900,3672,900,0.01,221.68440784364932,0.24631600871516593,False,76.76111696839168,121,16897,16897,0,-4.1810657925928965,True,-4.1810657925928965,1.5270699074539658,16897,0,0.5778151278136026,0.0,0.5672384794389638,0.5881064655428293,0.5778151278136026,16897,14.39,33613081,12161501052,0.0,DONE
dengue_polg,2014_t0.1,suphatrakul_fitness,2014,14387857648,0.1,900,90.0,566.0,5,True,4063,4066,4066,900,3672,900,0.01,220.49319896084648,0.24499244328982941,False,76.75872620626566,120,16897,16897,0,-4.177801666878805,True,-4.177801666878805,1.5243467756046964,16897,0,0.5779578644245749,0.0,0.5673403628266277,0.5882053413851167,0.5779578644245749,16897,14.39,33613081,12161501052,0.0,DONE
dengue_polg,2014_t0.3,suphatrakul_fitness,2014,14387857648,0.3,900,270.0,433.3,4,True,3881,3882,3882,900,3672,900,0.01,220.5248562254372,0.24502761802826353,False,76.75407681741363,121,16897,16897,0,-4.176532574132806,True,-4.176532574132806,1.525264292619509,16897,0,0.577840994363084,0.0,0.5672300543530227,0.5881496831122356,0.577840994363084,16897,14.39,33613081,12161501052,0.0,DONE
dengue_polg,2014_t0.5,suphatrakul_fitness,2014,14387857648,0.5,900,450.0,538.1,5,False,3784,3784,3784,900,3671,900,0.01,219.67080741045976,0.24407867490051086,False,75.75872620626564,119,16897,16897,0,-4.188709959278558,True,-4.188709959278558,1.5262401698775971,16897,0,0.5779288461776755,0.0,0.5672319128586533,0.5882180957317227,0.5779288461776755,16897,14.39,33613081,12161501052,0.0,DONE
dengue_polg,2015_t0.03,suphatrakul_fitness,2015,21849375177,0.03,900,27.0,997.7,5,False,43843,43083,43083,900,4540,86,0.01,369.0,4.290697674418604,True,78.26305431832506,244,16897,1631,15266,-4.830586479837669,True,-4.83058647983767,1.4336213649650422,16897,0,0.11382134881098234,7.765879011462005e-50,0.1003976780209179,0.1268307798244141,0.5087326641675465,1631,21.85,50371270,18451816119,0.9035,DONE
dengue_polg,2015_t0.04,suphatrakul_fitness,2015,21849375177,0.04,900,36.0,912.6,5,False,27584,27669,27669,900,4540,113,0.01,204.39242138591254,1.808782490140819,True,75.70024855708309,124,16897,2141,14756,-4.230543906186782,True,-4.230543906186782,1.3447151268256434,16897,0,0.18853807736246653,5.34296119522246e-135,0.1753651831157721,0.2015282465424146,0.49553797955856316,2141,21.85,50371270,18451816119,0.8733,DONE
dengue_polg,2015_t0.05,suphatrakul_fitness,2015,21849375177,0.05,900,45.0,854.4,5,False,16802,16236,16236,900,4540,286,0.01,270.27743558633824,0.9450259985536302,False,77.79174515418518,165,16897,5424,11473,-4.63459890145901,True,-4.63459890145901,1.3418893832632572,16897,0,0.3714693076884373,0.0,0.3580268627651195,0.3849185472745091,0.5380364440593401,5424,21.85,50371270,18451816119,0.679,DONE
dengue_polg,2015_t0.1,suphatrakul_fitness,2015,21849375177,0.1,900,90.0,821.6,5,True,5026,5044,5044,900,4541,900,0.01,295.3715140373184,0.328190571152576,False,94.20779332240758,175,16897,16897,0,-4.4247555266002925,True,-4.4247555266002925,1.5370505925383544,16897,0,0.56787801190923,0.0,0.5572974629176994,0.5782333478747699,0.56787801190923,16897,21.85,50371270,18451816119,0.0,DONE
dengue_polg,2015_t0.3,suphatrakul_fitness,2015,21849375177,0.3,900,270.0,631.1,4,True,4790,4797,4797,900,4538,900,0.01,292.5602152783981,0.3250669058648868,False,92.21255522716947,173,16897,16897,0,-4.4483513742251235,True,-4.4483513742251235,1.5353993036596538,16897,0,0.5741909622701024,0.0,0.5636019991441229,0.5844457597579668,0.5741909622701024,16897,21.85,50371270,18451816119,0.0,DONE
dengue_polg,2015_t0.5,suphatrakul_fitness,2015,21849375177,0.5,900,450.0,626.4,4,True,4660,4666,4666,900,4537,900,0.01,292.42952641961324,0.3249216960217925,False,91.21226424923385,175,16897,16897,0,-4.459588612089573,True,-4.459588612089573,1.539503932183051,16897,0,0.5740365086155473,0.0,0.5633705175281264,0.5842327857732792,0.5740365086155473,16897,21.85,50371270,18451816119,0.0,DONE
dengue_polg,2016_t0.03,suphatrakul_fitness,2016,31937028835,0.03,900,27.0,1440.7,5,False,61563,60045,60045,900,4960,72,0.01,371.99999999999994,5.166666666666666,True,83.94444180307576,253,16897,1366,15531,-4.720012816805477,True,-4.720012816805478,1.5038239910575124,16897,0,0.10965488077816407,2.319495841003825e-46,0.09574954177188999,0.12331782032774072,0.5163213763071456,1366,31.94,72946704,26988983580,0.9192,DONE
dengue_polg,2016_t0.04,suphatrakul_fitness,2016,31937028835,0.04,900,36.0,1311.3,5,False,34035,34128,34128,900,4956,110,0.01,225.79282685073437,2.052662062279403,True,98.57638979843476,129,16897,2084,14813,-4.068903675376929,True,-4.068903675376928,1.4183351370310184,16897,0,0.18409691663171457,1.0664282548899976e-128,0.1709986296599689,0.1972930026471957,0.5013378860770739,2084,31.94,72946704,26988983580,0.8767,DONE
dengue_polg,2016_t0.05,suphatrakul_fitness,2016,31937028835,0.05,900,45.0,1190.3,5,False,22264,22297,22297,900,4954,202,0.01,250.15439754905827,1.2383881066785063,True,100.52725953980914,151,16897,3829,13068,-4.2251811163851025,True,-4.2251811163851025,1.4149492366445255,16897,0,0.26486745498790243,3.2644122275466085e-269,0.25122024326321374,0.27861291639958713,0.5141923207579163,3829,31.94,72946704,26988983580,0.7734,DONE
dengue_polg,2016_t0.1,suphatrakul_fitness,2016,31937028835,0.1,900,90.0,1179.3,5,True,5463,5483,5483,900,4948,900,0.01,325.5272294975942,0.36169692166399353,False,108.85291676236014,194,16897,16897,0,-4.4159263348026,True,-4.4159263348026,1.5728794638998242,16897,0,0.5606160633711958,0.0,0.5498304168269764,0.571076649198022,0.5606160633711958,16897,31.94,72946704,26988983580,0.0,DONE
dengue_polg,2016_t0.3,suphatrakul_fitness,2016,31937028835,0.3,900,270.0,1160.6,5,False,5224,5233,5233,900,4947,900,0.01,325.5816666064893,0.3617574073405437,False,107.85411810428317,194,16897,16897,0,-4.420536407084663,True,-4.420536407084663,1.575502890492351,16897,0,0.5626733171204571,0.0,0.5519043789302681,0.5732651181159452,0.5626733171204571,16897,31.94,72946704,26988983580,0.0,DONE
dengue_polg,2016_t0.5,suphatrakul_fitness,2016,31937028835,0.5,900,450.0,870.4,4,True,5078,5085,5085,900,4938,900,0.01,316.2036261828679,0.35133736242540875,False,99.85373621920796,185,16897,16897,0,-4.501575656412969,True,-4.501575656412969,1.5726324125013529,16897,0,0.5767628079141713,0.0,0.5662852394403716,0.5869198544347304,0.5767628079141713,16897,31.94,72946704,26988983580,0.0,DONE
dengue_polg,2017_t0.03,suphatrakul_fitness,2017,41916375057,0.03,900,27.0,1859.7,5,False,76905,75037,75037,900,5721,74,0.01,417.0,5.635135135135135,True,95.9172756896593,275,16897,1403,15494,-4.758755192609286,True,-4.758755192609287,1.5599239935921958,16897,0,0.11421982723789235,3.5556749206531646e-50,0.1004202898470009,0.1278439684821914,0.5329049426006086,1403,41.92,94756963,35456772061,0.917,DONE
dengue_polg,2017_t0.04,suphatrakul_fitness,2017,41916375057,0.04,900,36.0,1693.8,5,False,41035,41199,41199,900,5676,108,0.01,254.0642905306377,2.3524471345429414,True,119.39008182756218,152,16897,2046,14851,-4.032805277390211,True,-4.032805277390211,1.460806580801174,16897,0,0.18306784076756652,2.9166837582124456e-127,0.16984024156026445,0.19612650703932216,0.4972556253944829,2046,41.92,94756963,35456772061,0.8789,DONE
dengue_polg,2017_t0.05,suphatrakul_fitness,2017,41916375057,0.05,900,45.0,1535.1,5,False,25875,25923,25923,900,5671,310,0.01,287.90809187116815,0.9287357802295747,False,114.09937002501874,179,16897,5879,11018,-4.337650050428243,True,-4.337650050428243,1.4358947680019445,16897,0,0.34906051260692783,0.0,0.3352612926649787,0.36290031012608454,0.5184383958088093,5879,41.92,94756963,35456772061,0.6521,DONE
dengue_polg,2017_t0.1,suphatrakul_fitness,2017,41916375057,0.1,900,90.0,1505.8,5,False,6219,6258,6258,900,5660,899,0.01,388.9711215112173,0.4326708804351694,False,120.3417619605847,234,16897,16878,19,-4.557361929396775,True,-4.557361929396775,1.6173344622775554,16897,0,0.5605259721223768,0.0,0.5498575058513769,0.5711531869420191,0.5608650908288735,16878,41.92,94756963,35456772061,0.0011,DONE
dengue_polg,2017_t0.3,suphatrakul_fitness,2017,41916375057,0.3,900,270.0,1492.3,5,True,5960,5969,5969,900,5660,900,0.01,357.3812910931057,0.3970903234367841,False,120.21188026359494,213,16897,16897,0,-4.465164089660041,True,-4.465164089660041,1.6049550258044636,16897,0,0.5609514763563751,0.0,0.5500547380221347,0.5715066981067836,0.5609514763563751,16897,41.92,94756963,35456772061,0.0,DONE
dengue_polg,2017_t0.5,suphatrakul_fitness,2017,41916375057,0.5,900,450.0,1413.2,5,False,5803,5804,5804,900,5643,900,0.01,346.20732605510693,0.3846748067278966,False,110.20720495081699,201,16897,16897,0,-4.5662972166934095,True,-4.5662972166934095,1.5975244634188648,16897,0,0.5779038233223018,0.0,0.5674697868296356,0.5881175876975376,0.5779038233223018,16897,41.92,94756963,35456772061,0.0,DONE
dengue_polg,2018_t0.03,suphatrakul_fitness,2018,58841434994,0.03,900,27.0,2715.5,5,False,140153,136172,136172,900,6958,83,0.01,530.0,6.385542168674699,True,113.87289979833308,352,16897,1574,15323,-4.9247335370347445,True,-4.9247335370347445,1.6071156440969991,16897,0,0.11568920812243187,1.9473587874981018e-51,0.10205362320718507,0.1292424276652924,0.5257153086808213,1574,58.84,133853533,49656227882,0.9068,DONE
dengue_polg,2018_t0.04,suphatrakul_fitness,2018,58841434994,0.04,900,36.0,2390.6,5,False,53467,53522,53522,900,6855,181,0.01,457.48872077803685,2.5275619932488222,True,147.75140237070448,298,16897,3424,13473,-4.661492005834335,True,-4.661492005834335,1.551376317326166,16897,0,0.18978981927529845,8.376401701897987e-137,0.17642469867866475,0.20303390925967993,0.4723817828628392,3424,58.84,133853533,49656227882,0.7974,DONE
dengue_polg,2018_t0.05,suphatrakul_fitness,2018,58841434994,0.05,900,45.0,2120.6,5,False,29105,29237,29237,900,6848,323,0.01,364.25026484981623,1.1277097982966446,True,136.2165890887191,235,16897,6126,10771,-4.521044563107607,True,-4.521044563107607,1.471219868775645,16897,0,0.35094473985732494,0.0,0.33725470297053145,0.364624373547054,0.5089473109402173,6126,58.84,133853533,49656227882,0.6375,DONE
dengue_polg,2018_t0.1,suphatrakul_fitness,2018,58841434994,0.1,900,90.0,2112.6,5,True,7508,7618,7618,900,6835,899,0.01,494.9213793277744,0.5505243374057557,False,152.8033650783542,315,16897,16878,19,-4.7321391245500175,True,-4.7321391245500175,1.6563574203058893,16897,0,0.5644709856351202,0.0,0.5537230215168708,0.5750819737583622,0.5648031459421485,16878,58.84,133853533,49656227882,0.0011,DONE
dengue_polg,2018_t0.3,suphatrakul_fitness,2018,58841434994,0.3,900,270.0,2073.9,5,False,7221,7238,7238,900,6834,900,0.01,453.3242368912645,0.5036935965458494,False,149.92301021080002,283,16897,16897,0,-4.63926042558165,True,-4.63926042558165,1.641943267074543,16897,0,0.5654063601172475,0.0,0.554605739872399,0.5758867688105769,0.5654063601172475,16897,58.84,133853533,49656227882,0.0,DONE
dengue_polg,2018_t0.5,suphatrakul_fitness,2018,58841434994,0.5,900,450.0,1959.6,5,False,7029,7020,7020,900,6823,900,0.01,446.27271131365853,0.49585856812628726,False,141.41926448585585,275,16897,16897,0,-4.763700811341688,True,-4.763700811341688,1.6438023308733236,16897,0,0.5854546102568592,0.0,0.5751283761519517,0.5954788064145617,0.5854546102568592,16897,58.84,133853533,49656227882,0.0,DONE
dengue_polg,2020_t0.03,suphatrakul_fitness,2020,94265746446,0.03,900,27.0,4444.5,5,False,297486,288794,288794,900,8830,103,0.01,329.8606447210269,3.202530531272106,True,139.86235027143414,201,16897,1954,14943,-4.114813567304347,True,-4.114813567304347,1.6784018564442116,16897,0,0.13932877756304035,5.292480815066456e-74,0.12541574834583538,0.15282495548806746,0.5433155685577151,1954,94.27,216491817,80303234933,0.8844,DONE
dengue_polg,2020_t0.04,suphatrakul_fitness,2020,94265746446,0.04,900,36.0,3767.9,5,False,90985,90807,90807,900,8766,90,0.01,662.0,7.355555555555555,True,126.1175640562499,433,16897,1700,15197,-5.023809132068584,True,-5.0238091320685845,1.6973413979590035,16897,0,0.12140185020454491,1.693826433675867e-56,0.10823500187857354,0.13445403802775466,0.5143739093375831,1700,94.27,216491817,80303234933,0.8994,DONE
dengue_polg,2020_t0.05,suphatrakul_fitness,2020,94265746446,0.05,900,45.0,3363.0,5,False,38294,38549,38549,900,8688,362,0.01,526.8899642295382,1.4554971387556306,True,156.86420926357562,342,16897,6777,10120,-4.584364423295888,True,-4.584364423295888,1.6163519494405758,16897,0,0.34150879904833936,0.0,0.32781025439959566,0.35506024847513473,0.4987063520560865,6777,94.27,216491817,80303234933,0.5989,DONE
dengue_polg,2020_t0.1,suphatrakul_fitness,2020,94265746446,0.1,900,90.0,3327.8,5,True,9460,9666,9666,900,8616,892,0.01,629.6175749963929,0.7058492993233104,False,175.45009743701453,414,16897,16745,152,-4.810378326531629,True,-4.810378326531629,1.7450660234086204,16897,0,0.5531661055405118,0.0,0.5421093534015075,0.5640324184171117,0.5546469973399702,16745,94.27,216491817,80303234933,0.009,DONE
dengue_polg,2020_t0.3,suphatrakul_fitness,2020,94265746446,0.3,900,270.0,3273.0,5,True,9097,9158,9158,900,8614,898,0.01,631.4228938596623,0.7031435343648801,False,173.4558455861523,413,16897,16859,38,-4.817071031091165,True,-4.8170710310911655,1.7426916509453956,16897,0,0.5557714730019201,0.0,0.5448485736328126,0.5663743082310564,0.5563254925530859,16859,94.27,216491817,80303234933,0.0022,DONE
dengue_polg,2020_t0.5,suphatrakul_fitness,2020,94265746446,0.5,900,450.0,3157.8,5,False,8849,8835,8835,900,8574,899,0.01,609.3811033591037,0.6778432740368228,False,158.97419710676712,397,16897,16878,19,-5.004362265852075,True,-5.004362265852075,1.7175704174203168,16897,0,0.5867875491713184,0.0,0.5764041858421841,0.5968731369277509,0.5871458963114661,16878,94.27,216491817,80303234933,0.0011,DONE
dengue_polg,2022_t0.03,suphatrakul_fitness,2022,132765626704,0.03,900,27.0,6396.9,5,False,493211,478619,478619,900,11015,106,0.01,439.4235361838298,4.145505058338017,True,186.89019094040316,288,16897,2011,14886,-4.166925859901978,True,-4.166925859901978,1.7273417081907483,16897,0,0.13878425386168655,1.9583481362115217e-73,0.12484593256962616,0.15238782261965036,0.5413107698901771,2011,132.77,297827854,113429464747,0.881,DONE
dengue_polg,2022_t0.04,suphatrakul_fitness,2022,132765626704,0.04,900,36.0,5354.3,5,False,139084,138831,138831,900,11024,87,0.01,837.0,9.620689655172415,True,168.90699306917497,565,16897,1643,15254,-5.040084608862463,True,-5.040084608862463,1.7785550424394985,16897,0,0.1252973275354531,4.3162550264081196e-60,0.11221811762231051,0.13815073743945244,0.5090542808774028,1643,132.77,297827854,113429464747,0.9028,DONE
dengue_polg,2022_t0.05,suphatrakul_fitness,2022,132765626704,0.05,900,45.0,5115.9,5,False,79596,80780,80780,900,11063,259,0.01,695.3850998271995,2.6848845553173724,True,232.38756270060065,454,16897,4904,11993,-4.672897680987532,True,-4.672897680987532,1.693714023566222,16897,0,0.22131308697834942,1.5908048768592905e-186,0.20748997795725257,0.23457667784388986,0.4755777993996291,4904,132.77,297827854,113429464747,0.7098,DONE
dengue_polg,2022_t0.1,suphatrakul_fitness,2022,132765626704,0.1,900,90.0,4693.1,5,False,13202,13615,13615,900,10989,891,0.01,892.0909877952745,1.0012244531933496,True,251.37192194111253,604,16897,16726,171,-4.782825900193353,True,-4.782825900193353,1.788835658958477,16897,0,0.5039633858602577,0.0,0.4922030118074818,0.5155881766992697,0.5057498006498963,16726,132.77,297827854,113429464747,0.0101,DONE
dengue_polg,2022_t0.3,suphatrakul_fitness,2022,132765626704,0.3,900,270.0,4570.3,5,False,11442,11534,11534,900,10878,894,0.01,830.3637951118058,0.9288185627648834,False,222.44865840872313,556,16897,16783,114,-4.928086940510913,True,-4.928086940510913,1.7758703703553722,16897,0,0.5421456175087096,0.0,0.5310737863174524,0.5529509790318339,0.5435785477539041,16783,132.77,297827854,113429464747,0.0067,DONE
dengue_polg,2022_t0.5,suphatrakul_fitness,2022,132765626704,0.5,900,450.0,4419.9,5,False,11122,11119,11119,900,10787,899,0.01,793.1518900775662,0.8822601669383384,False,186.9112340128412,521,16897,16878,19,-5.226439597951751,True,-5.22643959795175,1.7284249736772745,16897,0,0.5847305910375827,0.0,0.5742986776387151,0.5949023840076043,0.5850813430395455,16878,132.77,297827854,113429464747,0.0011,DONE
dengue_polg,2024_t0.03,suphatrakul_fitness,2024,175787678944,0.03,900,27.0,8271.9,5,False,771160,748922,748922,900,11288,112,0.01,463.5991972196686,4.139278546604184,True,188.90112056015417,304,16897,2125,14772,-4.203462450177119,True,-4.203462450177118,1.738920530969852,16897,0,0.14311089651767295,5.168333142097757e-78,0.12908752308458432,0.15676747116593853,0.5342443831753633,2125,175.79,390790959,149633464343,0.8742,DONE
dengue_polg,2024_t0.04,suphatrakul_fitness,2024,175787678944,0.04,900,36.0,6986.7,5,False,172680,171817,171817,900,11324,94,0.01,892.0,9.48936170212766,True,172.665295791276,606,16897,1775,15122,-5.093592939140661,True,-5.0935929391406605,1.7848536182256334,16897,0,0.1314928350479639,4.782968552229809e-66,0.11851299458125614,0.1441918731681982,0.5127419019449135,1775,175.79,390790959,149633464343,0.895,DONE
dengue_polg,2024_t0.05,suphatrakul_fitness,2024,175787678944,0.05,900,45.0,6540.0,5,False,89910,90048,90048,900,11466,181,0.01,669.0874092111052,3.6966155205033435,True,188.85130242331374,448,16897,3424,13473,-4.68309789640937,True,-4.68309789640937,1.7522279028668442,16897,0,0.1649551409374821,2.292726757697367e-103,0.15177589087580617,0.17764785462759247,0.5227524710359674,3424,175.79,390790959,149633464343,0.7974,DONE
dengue_polg,2024_t0.1,suphatrakul_fitness,2024,175787678944,0.1,900,90.0,6019.2,5,False,13280,13673,13673,900,11280,891,0.01,1011.067213482446,1.1347555706873693,True,282.9913413251723,688,16897,16726,171,-4.687270728078843,True,-4.687270728078842,1.8411465797019237,16897,0,0.4884658427887635,0.0,0.4763400770628193,0.5004443556577898,0.49033308592325686,16726,175.79,390790959,149633464343,0.0101,DONE
dengue_polg,2024_t0.3,suphatrakul_fitness,2024,175787678944,0.3,900,270.0,5854.6,5,True,11474,11567,11567,900,10908,894,0.01,846.9332220462605,0.9473525973671818,False,233.78959775574327,566,16897,16783,114,-4.89062334764122,True,-4.8906233476412195,1.7842223125970995,16897,0,0.5417289211627367,0.0,0.5305015225438469,0.5525797253633193,0.5432442395558347,16783,175.79,390790959,149633464343,0.0067,DONE
dengue_polg,2024_t0.5,suphatrakul_fitness,2024,175787678944,0.5,900,450.0,5668.1,5,False,11128,11126,11126,900,10794,899,0.01,800.2525097567034,0.8901585203077902,False,192.97882568501768,526,16897,16878,19,-5.193577067506793,True,-5.193577067506793,1.7334696553521838,16897,0,0.5843619874210052,0.0,0.5739531776490479,0.594568458985743,0.584697510564826,16878,175.79,390790959,149633464343,0.0011,DONE
dengue_polg,2025_t0.03,suphatrakul_fitness,2025,205602905135,0.03,900,27.0,9703.7,5,False,1052950,1024795,1024795,900,11652,112,0.01,469.63698749624143,4.1931873883592985,True,193.6683107309211,310,16897,2125,14772,-4.1950186088027,True,-4.1950186088027,1.7447299254976365,16897,0,0.143963550532761,6.221383246951806e-79,0.13011958980642482,0.15738074315081202,0.5318661342054025,2125,205.6,453950711,175061448847,0.8742,DONE
dengue_polg,2025_t0.04,suphatrakul_fitness,2025,205602905135,0.04,900,36.0,8010.5,5,False,187090,186211,186211,900,11672,94,0.01,897.0000000000001,9.542553191489363,True,175.91259537752035,610,16897,1775,15122,-5.0841292206865765,True,-5.0841292206865765,1.792230675073165,16897,0,0.1309268030784362,1.7220505509516147e-65,0.11792473188954257,0.14347181437154577,0.5122623473472533,1775,205.6,453950711,175061448847,0.895,DONE
dengue_polg,2025_t0.05,suphatrakul_fitness,2025,205602905135,0.05,900,45.0,7481.9,5,False,97118,97203,97203,900,11679,182,0.01,680.0031945479025,3.7362812887247387,True,191.95999253651382,459,16897,3443,13454,-4.6496327442821235,True,-4.6496327442821235,1.757461924490508,16897,0,0.16474826051415575,4.1507317018034973e-103,0.15136638935906271,0.1775089803571852,0.5227850748060165,3443,205.6,453950711,175061448847,0.7962,DONE
dengue_polg,2025_t0.1,suphatrakul_fitness,2025,205602905135,0.1,900,90.0,6815.0,5,False,13280,13694,13694,900,11360,891,0.01,1031.0576872520335,1.1571915681841005,True,297.4712231977244,705,16897,16726,171,-4.651234445325984,True,-4.651234445325984,1.844516877838952,16897,0,0.4820220406000192,0.0,0.46997739728142235,0.4940984470102052,0.4838883547699857,16726,205.6,453950711,175061448847,0.0101,DONE
dengue_polg,2025_t0.3,suphatrakul_fitness,2025,205602905135,0.3,900,270.0,6659.0,5,False,11477,11570,11570,900,10915,894,0.01,854.2782958997094,0.9555685636462073,False,238.70494601748317,577,16897,16783,114,-4.879570274982505,True,-4.879570274982505,1.7890475992326493,16897,0,0.5407364940620711,0.0,0.5295268245728899,0.551460072754707,0.5422393931299538,16783,205.6,453950711,175061448847,0.0067,DONE
dengue_polg,2025_t0.5,suphatrakul_fitness,2025,205602905135,0.5,900,450.0,6461.1,5,True,11128,11124,11124,900,10797,899,0.01,804.7807317338018,0.8951954746760865,False,194.83709533161755,534,16897,16878,19,-5.188932739148215,True,-5.188932739148215,1.7359774433649227,16897,0,0.5838257257161575,0.0,0.5734261399308933,0.5941128600144441,0.584161117740627,16878,205.6,453950711,175061448847,0.0011,DONE
dengue_polg,2026_t0.03,suphatrakul_fitness,2026,218561697876,0.03,900,27.0,10014.3,5,False,997310,969752,969752,900,10895,109,0.01,413.26352970896,3.79140852944,True,178.2477213239194,285,16897,2068,14829,-4.185277918559963,True,-4.185277918559963,1.686233388060168,16897,0,0.14145531208976267,3.037396439024949e-76,0.12756018214368062,0.15500060479931133,0.5292676004914894,2068,218.56,475217233,186451559337,0.8776,DONE
dengue_polg,2026_t0.04,suphatrakul_fitness,2026,218561697876,0.04,900,36.0,8233.2,5,False,174940,174524,174524,900,11156,95,0.01,871.0,9.16842105263158,True,159.2260524860347,601,16897,1794,15103,-5.143224976731446,True,-5.143224976731446,1.7336382092872444,16897,0,0.12257604951062163,1.4382657796139482e-57,0.10928698784096473,0.13534855387425962,0.49991585886222684,1794,218.56,475217233,186451559337,0.8938,DONE
dengue_polg,2026_t0.05,suphatrakul_fitness,2026,218561697876,0.05,900,45.0,7681.6,5,False,92204,93071,93071,900,11320,183,0.01,617.0038101456894,3.3716055199218,True,170.28056144271216,431,16897,3462,13435,-4.693012617342319,True,-4.693012617342319,1.685620497494586,16897,0,0.16323200392337803,3.1404973874315467e-101,0.150189312388572,0.1759148177804254,0.516597835665306,3462,218.56,475217233,186451559337,0.7951,DONE
dengue_polg,2026_t0.1,suphatrakul_fitness,2026,218561697876,0.1,900,90.0,7110.4,5,False,12892,13302,13302,900,11089,891,0.01,947.9005460532674,1.0638614433818938,True,261.6782931584793,667,16897,16726,171,-4.720937476104241,True,-4.720937476104241,1.792792602650997,16897,0,0.4816813490939181,0.0,0.46944821902283357,0.49385131025823065,0.48336378204208674,16726,218.56,475217233,186451559337,0.0101,DONE
dengue_polg,2026_t0.3,suphatrakul_fitness,2026,218561697876,0.3,900,270.0,6934.7,5,True,11220,11312,11312,900,10734,899,0.01,800.6217981548521,0.8905692971689122,False,211.77972027669355,554,16897,16878,19,-4.940918475173546,True,-4.940918475173546,1.726187247066348,16897,0,0.5418709507494255,0.0,0.5306100892531012,0.5526511943962041,0.5421601198436883,16878,218.56,475217233,186451559337,0.0011,DONE
dengue_polg,2026_t0.5,suphatrakul_fitness,2026,218561697876,0.5,900,450.0,5459.4,4,True,10920,10925,10925,900,10633,899,0.01,749.731179065959,0.833961267036662,False,174.69003702737118,509,16897,16878,19,-5.226407764034548,True,-5.2264077640345485,1.667443654896144,16897,0,0.5810415296093878,0.0,0.5706498663051142,0.5911977064120055,0.5814011532356552,16878,218.56,475217233,186451559337,0.0011,DONE
flu_h1_ha,2010_t0.05,doud_fitness,2010,4079792296,0.05,565,28.25,79.3,3,True,14767,14767,14767,565,13494,547,0.01,3364.886981977307,6.151530131585571,True,107.2830196991685,1876,10715,10393,322,-5.803991531922097,True,-5.8039915319220965,2.4686077711439283,10715,0,0.49932712156123776,0.0,0.4845568418752384,0.5141608802652705,0.4992841869211609,10393,4.08,9808438,3413904443,0.0301,DONE
flu_h1_ha,2010_t0.05,wu_fitness,2010,4079792296,0.05,565,28.25,79.3,3,True,14767,14767,14767,565,13494,547,0.01,3364.886981977307,6.151530131585571,True,107.2830196991685,1876,2350,2318,32,-4.975983104614308,True,-4.9759831046143095,2.7346827002450214,2350,0,0.46551365135800954,1.0414561914530936e-126,0.43284300607183834,0.49795656072360533,0.46738388793472646,2318,4.08,9808438,3413904443,0.0136,DONE
flu_h1_ha,2010_t0.1,doud_fitness,2010,4079792296,0.1,565,56.5,111.1,4,True,14726,14728,14728,565,13495,547,0.01,3362.2444734229252,6.1466992201516,True,107.31504689519059,1873,10715,10393,322,-5.802844023639681,True,-5.802844023639681,2.46762388582669,10715,0,0.49966096110598085,0.0,0.4850950572523282,0.5145538629637735,0.4997001860352531,10393,4.08,9808438,3413904443,0.0301,DONE
flu_h1_ha,2010_t0.1,wu_fitness,2010,4079792296,0.1,565,56.5,111.1,4,True,14726,14728,14728,565,13495,547,0.01,3362.2444734229252,6.1466992201516,True,107.31504689519059,1873,2350,2318,32,-4.9747505448650235,True,-4.9747505448650235,2.7355745482516,2350,0,0.46537792351018703,1.2589329053571801e-126,0.432628493238896,0.4976531405529492,0.4672580119456895,2318,4.08,9808438,3413904443,0.0136,DONE
flu_h1_ha,2010_t0.3,doud_fitness,2010,4079792296,0.3,565,169.5,132.9,5,False,14433,14433,14433,565,13499,549,0.01,3412.2367068533486,6.215367407747447,True,109.05718593749,1918,10715,10431,284,-5.810676301233244,True,-5.810676301233244,2.4788481264533826,10715,0,0.5009901293733117,0.0,0.48642695133219427,0.5157084983243453,0.5000674304536493,10431,4.08,9808438,3413904443,0.0265,DONE
flu_h1_ha,2010_t0.3,wu_fitness,2010,4079792296,0.3,565,169.5,132.9,5,False,14433,14433,14433,565,13499,549,0.01,3412.2367068533486,6.215367407747447,True,109.05718593749,1918,2350,2323,27,-4.97565687197259,True,-4.975656871972591,2.747944002800004,2350,0,0.46551332647089,1.0419291698969537e-126,0.4329570046453102,0.49802072991539964,0.4670343958887941,2323,4.08,9808438,3413904443,0.0115,DONE
flu_h1_ha,2010_t0.5,doud_fitness,2010,4079792296,0.5,565,282.5,131.9,5,True,13097,13096,13096,565,12627,554,0.01,3343.203660462321,6.0346636470439,True,108.29051797570365,1912,10715,10526,189,-5.852891745512797,True,-5.852891745512799,2.4666762025629616,10715,0,0.5073942953317827,0.0,0.49283682933122247,0.5220425538020809,0.5054392663341295,10526,4.08,9808438,3413904443,0.0176,DONE
flu_h1_ha,2010_t0.5,wu_fitness,2010,4079792296,0.5,565,282.5,131.9,5,True,13097,13096,13096,565,12627,554,0.01,3343.203660462321,6.0346636470439,True,108.29051797570365,1912,2350,2338,12,-5.007130718212369,True,-5.007130718212369,2.7463368430681223,2350,0,0.4677028477562681,4.831182898847292e-128,0.4350210244612484,0.50037500825902,0.46912730136711245,2338,4.08,9808438,3413904443,0.0051,DONE
flu_h1_ha,2011_t0.05,doud_fitness,2011,4885039979,0.05,565,28.25,102.7,3,True,18456,18457,18457,565,16770,554,0.01,4172.598575609844,7.531766381967228,True,116.6889321784721,2406,10715,10526,189,-5.9549578637865626,True,-5.9549578637865626,2.5306785764337865,10715,0,0.503814778572379,0.0,0.4891552942345972,0.518591019728197,0.5028482605258681,10526,4.89,11659891,4093709742,0.0176,DONE
flu_h1_ha,2011_t0.05,wu_fitness,2011,4885039979,0.05,565,28.25,102.7,3,True,18456,18457,18457,565,16770,554,0.01,4172.598575609844,7.531766381967228,True,116.6889321784721,2406,2350,2338,12,-5.046925343889575,True,-5.046925343889575,2.7805144311714587,2350,0,0.4703945511625016,1.073952783365381e-129,0.4376137386849688,0.5027194663641537,0.4713446895676462,2338,4.89,11659891,4093709742,0.0051,DONE
flu_h1_ha,2011_t0.1,doud_fitness,2011,4885039979,0.1,565,56.5,138.2,4,True,18435,18438,18438,565,16776,554,0.01,4171.028309662279,7.52893196689942,True,116.84342532783891,2407,10715,10526,189,-5.955093926186558,True,-5.955093926186558,2.5305222486572023,10715,0,0.5038630619916952,0.0,0.48921322864749067,0.5185721288991374,0.5029254701886599,10526,4.89,11659891,4093709742,0.0176,DONE
flu_h1_ha,2011_t0.1,wu_fitness,2011,4885039979,0.1,565,56.5,138.2,4,True,18435,18438,18438,565,16776,554,0.01,4171.028309662279,7.52893196689942,True,116.84342532783891,2407,2350,2338,12,-5.0474942480738125,True,-5.047494248073813,2.782034746868562,2350,0,0.4695344389691915,3.637641371389112e-129,0.43688074242353225,0.5019666416750426,0.470467460246401,2338,4.89,11659891,4093709742,0.0051,DONE
flu_h1_ha,2011_t0.3,doud_fitness,2011,4885039979,0.3,565,169.5,164.9,5,False,18161,18160,18160,565,16778,556,0.01,4231.706593573582,7.610983081966873,True,118.866984484463,2459,10715,10564,151,-5.957817570173927,True,-5.957817570173927,2.5404255413936045,10715,0,0.504338356215462,0.0,0.4897257030146376,0.5189227141438961,0.503813026495665,10564,4.89,11659891,4093709742,0.0141,DONE
flu_h1_ha,2011_t0.3,wu_fitness,2011,4885039979,0.3,565,169.5,164.9,5,False,18161,18160,18160,565,16778,556,0.01,4231.706593573582,7.610983081966873,True,118.866984484463,2459,2350,2342,8,-5.051151043041892,True,-5.051151043041892,2.7891212986152745,2350,0,0.46991184962460647,2.1306842018519898e-129,0.43725799317885516,0.5024126105258899,0.4708557248669339,2342,4.89,11659891,4093709742,0.0034,DONE
flu_h1_ha,2011_t0.5,doud_fitness,2011,4885039979,0.5,565,282.5,161.7,5,False,16777,16777,16777,565,15862,560,0.01,4148.222838731443,7.407540783449004,True,119.04048752974961,2457,10715,10640,75,-5.993996285925778,True,-5.993996285925778,2.5249423059469343,10715,0,0.5093211325660598,0.0,0.49452978058466524,0.5237599287237811,0.508185874428646,10640,4.89,11659891,4093709742,0.007,DONE
flu_h1_ha,2011_t0.5,wu_fitness,2011,4885039979,0.5,565,282.5,161.7,5,False,16777,16777,16777,565,15862,560,0.01,4148.222838731443,7.407540783449004,True,119.04048752974961,2457,2350,2346,4,-5.08351981964652,True,-5.08351981964652,2.7861721611247847,2350,0,0.46847708189659437,1.6221274791475393e-128,0.4356258220318508,0.5008451781320294,0.46938289022652285,2346,4.89,11659891,4093709742,0.0017,DONE
flu_h1_ha,2012_t0.05,doud_fitness,2012,6617777514,0.05,565,28.25,137.3,3,True,22621,22633,22633,565,20593,561,0.01,5455.160887394101,9.72399445168289,True,121.95032256636733,3253,10715,10659,56,-6.143188699492247,True,-6.143188699492247,2.5803393997981448,10715,0,0.502779395813797,0.0,0.4883100824691201,0.5177435889692282,0.502548584703252,10659,6.62,15688962,5566407792,0.0052,DONE
flu_h1_ha,2012_t0.05,wu_fitness,2012,6617777514,0.05,565,28.25,137.3,3,True,22621,22633,22633,565,20593,561,0.01,5455.160887394101,9.72399445168289,True,121.95032256636733,3253,2350,2345,5,-5.1573278007385515,True,-5.1573278007385515,2.813628083409894,2350,0,0.47543500870328864,7.85929478487733e-133,0.4427584658844061,0.5074948118779316,0.47524801945216016,2345,6.62,15688962,5566407792,0.0021,DONE
flu_h1_ha,2012_t0.1,doud_fitness,2012,6617777514,0.1,565,56.5,181.2,4,True,22594,22608,22608,565,20595,561,0.01,5453.979117938996,9.721887910764698,True,121.59541788844427,3255,10715,10659,56,-6.143860206691551,True,-6.143860206691552,2.578457440300545,10715,0,0.501847747537222,0.0,0.4872091626915299,0.5167237477803432,0.502375771827542,10659,6.62,15688962,5566407792,0.0052,DONE
flu_h1_ha,2012_t0.1,wu_fitness,2012,6617777514,0.1,565,56.5,181.2,4,True,22594,22608,22608,565,20595,561,0.01,5453.979117938996,9.721887910764698,True,121.59541788844427,3255,2350,2346,4,-5.159571676796417,True,-5.159571676796417,2.813876759654236,2350,0,0.47355147366120365,1.1837480110984636e-131,0.44095955125950503,0.5056488638635876,0.4739831392930777,2346,6.62,15688962,5566407792,0.0017,DONE
flu_h1_ha,2012_t0.3,doud_fitness,2012,6617777514,0.3,565,169.5,224.1,5,False,22237,22241,22241,565,20600,562,0.01,5454.595169373268,9.705685354756705,True,121.9773461489474,3257,10715,10678,37,-6.144246473392923,True,-6.144246473392921,2.5794692155674768,10715,0,0.5036223898862238,0.0,0.48896045131584587,0.5184830776365427,0.5026689876026025,10678,6.62,15688962,5566407792,0.0035,DONE
flu_h1_ha,2012_t0.3,wu_fitness,2012,6617777514,0.3,565,169.5,224.1,5,False,22237,22241,22241,565,20600,562,0.01,5454.595169373268,9.705685354756705,True,121.9773461489474,3257,2350,2350,0,-5.1601857387251995,True,-5.1601857387251995,2.814773361855915,2350,0,0.47405110376286175,5.774735257039297e-132,0.4415109300906434,0.5061740881014946,0.47405110376286175,2350,6.62,15688962,5566407792,0.0,DONE
flu_h1_ha,2012_t0.5,doud_fitness,2012,6617777514,0.5,565,282.5,222.3,5,True,20867,20868,20868,565,19739,562,0.01,5253.058496125519,9.347079174600568,True,122.12451833796283,3153,10715,10678,37,-6.162425133138006,True,-6.162425133138006,2.55847561437815,10715,0,0.5068713959416009,0.0,0.4920764560159258,0.5217198367198997,0.5059352307251292,10678,6.62,15688962,5566407792,0.0035,DONE
flu_h1_ha,2012_t0.5,wu_fitness,2012,6617777514,0.5,565,282.5,222.3,5,True,20867,20868,20868,565,19739,562,0.01,5253.058496125519,9.347079174600568,True,122.12451833796283,3153,2350,2350,0,-5.177783203542948,True,-5.177783203542948,2.8009163362313467,2350,0,0.4728126456752278,3.4141126940764074e-131,0.4399390100440057,0.5052377309551583,0.4728126456752278,2350,6.62,15688962,5566407792,0.0,DONE
flu_h1_ha,2013_t0.05,doud_fitness,2013,8577285583,0.05,565,28.25,171.5,3,True,26964,26986,26986,565,25257,562,0.01,6292.5529346054955,11.196713406771345,True,147.64486625251806,3709,10715,10678,37,-6.222948422148159,True,-6.222948422148159,2.627863635000431,10715,0,0.5061421662814608,0.0,0.49160255650202833,0.5207246621009977,0.5051779798856185,10678,8.58,20491136,7223080691,0.0035,DONE
flu_h1_ha,2013_t0.05,wu_fitness,2013,8577285583,0.05,565,28.25,171.5,3,True,26964,26986,26986,565,25257,562,0.01,6292.5529346054955,11.196713406771345,True,147.64486625251806,3709,2350,2350,0,-5.187547846757612,True,-5.187547846757612,2.840872113507827,2350,0,0.4791015262165957,3.812900482783659e-135,0.44687037233744414,0.5109845173583384,0.4791015262165957,2350,8.58,20491136,7223080691,0.0,DONE
flu_h1_ha,2013_t0.1,doud_fitness,2013,8577285583,0.1,565,56.5,219.7,4,True,26956,26980,26980,565,25262,561,0.01,6255.590540029361,11.150785276344672,True,146.00313832399323,3680,10715,10659,56,-6.222315874056836,True,-6.222315874056836,2.6220651385547065,10715,0,0.5058096303512702,0.0,0.49125601468309804,0.5204461811393549,0.5051201398136375,10659,8.58,20491136,7223080691,0.0052,DONE
flu_h1_ha,2013_t0.1,wu_fitness,2013,8577285583,0.1,565,56.5,219.7,4,True,26956,26980,26980,565,25262,561,0.01,6255.590540029361,11.150785276344672,True,146.00313832399323,3680,2350,2346,4,-5.187127554481967,True,-5.187127554481967,2.8370338816745,2350,0,0.47863537569571585,7.534147648852661e-135,0.44626550278283944,0.510750950333695,0.4795099725557471,2346,8.58,20491136,7223080691,0.0017,DONE
flu_h1_ha,2013_t0.3,doud_fitness,2013,8577285583,0.3,565,169.5,285.3,5,False,26713,26720,26720,565,25265,561,0.01,6242.3692341522465,11.127217886189388,True,146.3960288571678,3673,10715,10659,56,-6.221722780184406,True,-6.2217227801844075,2.620845856584649,10715,0,0.5060757170881734,0.0,0.4914806132756276,0.520708895837196,0.5053916362327873,10659,8.58,20491136,7223080691,0.0052,DONE
flu_h1_ha,2013_t0.3,wu_fitness,2013,8577285583,0.3,565,169.5,285.3,5,False,26713,26720,26720,565,25265,561,0.01,6242.3692341522465,11.127217886189388,True,146.3960288571678,3673,2350,2346,4,-5.1872127678664,True,-5.1872127678664,2.8350827822146054,2350,0,0.4785767739933638,8.207015782862608e-135,0.44625514643877195,0.5106949177276201,0.4794526446675245,2346,8.58,20491136,7223080691,0.0017,DONE
flu_h1_ha,2013_t0.5,doud_fitness,2013,8577285583,0.5,565,282.5,284.6,5,True,25390,25392,25392,565,24399,562,0.01,6073.795142856173,10.807464667003867,True,147.52285136315007,3595,10715,10678,37,-6.23903330208858,True,-6.23903330208858,2.6079170964955543,10715,0,0.5093882559025567,0.0,0.49472375127456863,0.5241348548113912,0.5084819461231852,10678,8.58,20491136,7223080691,0.0035,DONE
flu_h1_ha,2013_t0.5,wu_fitness,2013,8577285583,0.5,565,282.5,284.6,5,True,25390,25392,25392,565,24399,562,0.01,6073.795142856173,10.807464667003867,True,147.52285136315007,3595,2350,2350,0,-5.200355853986686,True,-5.200355853986686,2.829750544367316,2350,0,0.4773046995444468,5.234185344007604e-134,0.44463284783220247,0.5093929938287287,0.4773046995444468,2350,8.58,20491136,7223080691,0.0,DONE
flu_h1_ha,2014_t0.05,doud_fitness,2014,14387857648,0.05,565,28.25,441.9,5,False,33181,33216,33216,565,30673,562,0.01,7135.503952459368,12.6966262499277,True,159.99582140778563,4182,10715,10678,37,-6.283066388115974,True,-6.283066388115974,2.674106750622837,10715,0,0.504795611812045,0.0,0.4903170334378761,0.5196129259202958,0.503869167461388,10678,14.39,33613081,12161501052,0.0035,DONE
flu_h1_ha,2014_t0.05,wu_fitness,2014,14387857648,0.05,565,28.25,441.9,5,False,33181,33216,33216,565,30673,562,0.01,7135.503952459368,12.6966262499277,True,159.99582140778563,4182,2350,2350,0,-5.213559000685148,True,-5.213559000685148,2.8742883761993543,2350,0,0.48273676510234176,1.8149396139814387e-137,0.4508966449109205,0.5144484876047852,0.48273676510234176,2350,14.39,33613081,12161501052,0.0,DONE
flu_h1_ha,2014_t0.1,doud_fitness,2014,14387857648,0.1,565,56.5,341.9,4,True,33066,33105,33105,565,30672,562,0.01,7141.941740188001,12.708081388234877,True,160.39264229742062,4187,10715,10678,37,-6.284512240497394,True,-6.284512240497392,2.6739404176702646,10715,0,0.5049302562573409,0.0,0.4903600920402646,0.519720477352088,0.5039974009343383,10678,14.39,33613081,12161501052,0.0035,DONE
flu_h1_ha,2014_t0.1,wu_fitness,2014,14387857648,0.1,565,56.5,341.9,4,True,33066,33105,33105,565,30672,562,0.01,7141.941740188001,12.708081388234877,True,160.39264229742062,4187,2350,2350,0,-5.215016009283566,True,-5.215016009283566,2.873841121787494,2350,0,0.4832168932930162,8.913061248299901e-138,0.4513334844586544,0.5150635579225031,0.4832168932930162,2350,14.39,33613081,12161501052,0.0,DONE
flu_h1_ha,2014_t0.3,doud_fitness,2014,14387857648,0.3,565,169.5,424.5,5,False,32708,32724,32724,565,30674,562,0.01,7127.658922230563,12.682667121406695,True,160.3719212982588,4173,10715,10678,37,-6.284075746520836,True,-6.284075746520836,2.673635564297525,10715,0,0.5052270656365104,0.0,0.49066068915132727,0.5199652652910913,0.5042953110231705,10678,14.39,33613081,12161501052,0.0035,DONE
flu_h1_ha,2014_t0.3,wu_fitness,2014,14387857648,0.3,565,169.5,424.5,5,False,32708,32724,32724,565,30674,562,0.01,7127.658922230563,12.682667121406695,True,160.3719212982588,4173,2350,2350,0,-5.21411353941352,True,-5.21411353941352,2.8740365157750505,2350,0,0.4829314386881038,1.3605067061399215e-137,0.45106334780968277,0.5148118318741606,0.4829314386881038,2350,14.39,33613081,12161501052,0.0,DONE
flu_h1_ha,2014_t0.5,doud_fitness,2014,14387857648,0.5,565,282.5,422.5,5,True,31323,31324,31324,565,29784,562,0.01,6930.936613218404,12.332627425655524,True,161.33104330086047,4075,10715,10678,37,-6.30192515936947,True,-6.30192515936947,2.6584727527442586,10715,0,0.5081360600365573,0.0,0.4936518523959594,0.5229202759492199,0.5072105898100328,10678,14.39,33613081,12161501052,0.0035,DONE
flu_h1_ha,2014_t0.5,wu_fitness,2014,14387857648,0.5,565,282.5,422.5,5,True,31323,31324,31324,565,29784,562,0.01,6930.936613218404,12.332627425655524,True,161.33104330086047,4075,2350,2350,0,-5.225254306849764,True,-5.225254306849764,2.8652573315944148,2350,0,0.4829926893069277,1.2425219738706542e-137,0.45094456727828797,0.5147786819005729,0.4829926893069277,2350,14.39,33613081,12161501052,0.0,DONE
flu_h1_ha,2015_t0.05,doud_fitness,2015,21849375177,0.05,565,28.25,626.0,5,False,37653,37689,37689,565,35115,562,0.01,7855.699921862218,13.978113739968359,True,165.5692763813716,4579,10715,10678,37,-6.3432414167910895,True,-6.3432414167910895,2.712500903358344,10715,0,0.5045635847297083,0.0,0.48993855334648856,0.5192778626980937,0.50362686169251,10678,21.85,50371270,18451816119,0.0035,DONE
flu_h1_ha,2015_t0.05,wu_fitness,2015,21849375177,0.05,565,28.25,626.0,5,False,37653,37689,37689,565,35115,562,0.01,7855.699921862218,13.978113739968359,True,165.5692763813716,4579,2350,2350,0,-5.237248161408382,True,-5.237248161408382,2.8968017782415827,2350,0,0.48352939855128085,5.607221018564336e-138,0.45198793000295534,0.5148470232312906,0.48352939855128085,2350,21.85,50371270,18451816119,0.0,DONE
flu_h1_ha,2015_t0.1,doud_fitness,2015,21849375177,0.1,565,56.5,583.4,5,True,37520,37563,37563,565,35116,562,0.01,7856.63858163417,13.979783953085711,True,165.97154652018676,4579,10715,10678,37,-6.343996137269602,True,-6.343996137269602,2.712610357227768,10715,0,0.50504837078117,0.0,0.4903927163235762,0.5198526621339025,0.5041133781739358,10678,21.85,50371270,18451816119,0.0035,DONE
flu_h1_ha,2015_t0.1,wu_fitness,2015,21849375177,0.1,565,56.5,583.4,5,True,37520,37563,37563,565,35116,562,0.01,7856.63858163417,13.979783953085711,True,165.97154652018676,4579,2350,2350,0,-5.237846038949459,True,-5.237846038949459,2.8969362029578454,2350,0,0.4836606471799346,4.6147732484173255e-138,0.45211444830447767,0.5149797914682156,0.4836606471799346,2350,21.85,50371270,18451816119,0.0,DONE
flu_h1_ha,2015_t0.3,doud_fitness,2015,21849375177,0.3,565,169.5,600.0,5,True,37123,37144,37144,565,35116,562,0.01,7856.433085480382,13.979418301566517,True,165.9904364188313,4577,10715,10678,37,-6.343537538712222,True,-6.343537538712222,2.713925870144671,10715,0,0.5053863370024311,0.0,0.4907226621835625,0.5201639561161051,0.5044540426337648,10678,21.85,50371270,18451816119,0.0035,DONE
flu_h1_ha,2015_t0.3,wu_fitness,2015,21849375177,0.3,565,169.5,600.0,5,True,37123,37144,37144,565,35116,562,0.01,7856.433085480382,13.979418301566517,True,165.9904364188313,4577,2350,2350,0,-5.237180528297624,True,-5.237180528297624,2.898492964308651,2350,0,0.48404129539180657,2.621753657461679e-138,0.4524545933399858,0.5154472692694646,0.48404129539180657,2350,21.85,50371270,18451816119,0.0,DONE
flu_h1_ha,2015_t0.5,doud_fitness,2015,21849375177,0.5,565,282.5,593.8,5,True,35748,35750,35750,565,34230,562,0.01,7691.341206595179,13.685660509955834,True,166.6269528519976,4499,10715,10678,37,-6.360967411529086,True,-6.360967411529086,2.702432828262106,10715,0,0.5077818510781892,0.0,0.4931121404824781,0.5225775922325683,0.5068473357954845,10678,21.85,50371270,18451816119,0.0035,DONE
flu_h1_ha,2015_t0.5,wu_fitness,2015,21849375177,0.5,565,282.5,593.8,5,True,35748,35750,35750,565,34230,562,0.01,7691.341206595179,13.685660509955834,True,166.6269528519976,4499,2350,2350,0,-5.246969909240502,True,-5.246969909240502,2.892066304529396,2350,0,0.4843722972987191,1.602536470839163e-138,0.45271908978998615,0.5157739887455223,0.4843722972987191,2350,21.85,50371270,18451816119,0.0,DONE
flu_h1_ha,2016_t0.05,doud_fitness,2016,31937028835,0.05,565,28.25,867.9,5,False,43633,43661,43661,565,41014,562,0.01,9019.095961555642,16.048213454725342,True,189.163082625533,5305,10715,10678,37,-6.426688071813267,True,-6.426688071813267,2.7512864909205033,10715,0,0.5041919478897449,0.0,0.48976300657404237,0.5189251617972443,0.5032811004064903,10678,31.94,72946704,26988983580,0.0035,DONE
flu_h1_ha,2016_t0.05,wu_fitness,2016,31937028835,0.05,565,28.25,867.9,5,False,43633,43661,43661,565,41014,562,0.01,9019.095961555642,16.048213454725342,True,189.163082625533,5305,2350,2350,0,-5.279390207596516,True,-5.279390207596516,2.919650522601613,2350,0,0.48815873579323266,5.526635253435286e-141,0.4566578514286948,0.5194017998718523,0.48815873579323266,2350,31.94,72946704,26988983580,0.0,DONE
flu_h1_ha,2016_t0.1,doud_fitness,2016,31937028835,0.1,565,56.5,640.1,4,True,43471,43516,43516,565,41011,562,0.01,9026.46021073161,16.061317100945924,True,189.10041025030134,5320,10715,10678,37,-6.426418404100833,True,-6.426418404100833,2.7513617676510194,10715,0,0.5044002608297212,0.0,0.48988131082416875,0.5191981813836406,0.5034806508238783,10678,31.94,72946704,26988983580,0.0035,DONE
flu_h1_ha,2016_t0.1,wu_fitness,2016,31937028835,0.1,565,56.5,640.1,4,True,43471,43516,43516,565,41011,562,0.01,9026.46021073161,16.061317100945924,True,189.10041025030134,5320,2350,2350,0,-5.278225418946889,True,-5.278225418946889,2.919734879386977,2350,0,0.48902590002740787,1.4933597157478516e-141,0.45769253058631604,0.5201323778868837,0.48902590002740787,2350,31.94,72946704,26988983580,0.0,DONE
flu_h1_ha,2016_t0.3,doud_fitness,2016,31937028835,0.3,565,169.5,825.9,5,False,43112,43133,43133,565,41014,562,0.01,9006.944888731656,16.026592328704012,True,189.6296587560679,5304,10715,10678,37,-6.426791072628048,True,-6.426791072628048,2.750646634556189,10715,0,0.5045293635263605,0.0,0.489987818275639,0.5193401356749512,0.5036118946457813,10678,31.94,72946704,26988983580,0.0035,DONE
flu_h1_ha,2016_t0.3,wu_fitness,2016,31937028835,0.3,565,169.5,825.9,5,False,43112,43133,43133,565,41014,562,0.01,9006.944888731656,16.026592328704012,True,189.6296587560679,5304,2350,2350,0,-5.277374103670149,True,-5.277374103670149,2.918945682266752,2350,0,0.4887337482587152,2.321716259612222e-141,0.4572552160310617,0.5199699006431387,0.4887337482587152,2350,31.94,72946704,26988983580,0.0,DONE
flu_h1_ha,2016_t0.5,doud_fitness,2016,31937028835,0.5,565,282.5,816.0,5,True,41285,41288,41288,565,39739,562,0.01,8779.255392086237,15.621450875598287,True,190.12187312956362,5194,10715,10678,37,-6.444978420777877,True,-6.444978420777877,2.7376998843632103,10715,0,0.5071894818939969,0.0,0.4925671282322259,0.5219795253316969,0.5062876462962121,10678,31.94,72946704,26988983580,0.0035,DONE
flu_h1_ha,2016_t0.5,wu_fitness,2016,31937028835,0.5,565,282.5,816.0,5,True,41285,41288,41288,565,39739,562,0.01,8779.255392086237,15.621450875598287,True,190.12187312956362,5194,2350,2350,0,-5.291421391104004,True,-5.291421391104004,2.912279182296357,2350,0,0.48821104488680117,5.107712149351551e-141,0.45687728581368237,0.5194700759904128,0.48821104488680117,2350,31.94,72946704,26988983580,0.0,DONE
flu_h1_ha,2017_t0.05,doud_fitness,2017,41916375057,0.05,565,28.25,1115.4,5,False,49808,49852,49852,565,47079,562,0.01,10431.980068208497,18.562242114249994,True,237.4921073048621,6231,10715,10678,37,-6.417059531650226,True,-6.417059531650226,2.7941539346001165,10715,0,0.4946987524574458,0.0,0.4797851251315883,0.5093330824575756,0.49391950839709564,10678,41.92,94756963,35456772061,0.0035,DONE
flu_h1_ha,2017_t0.05,wu_fitness,2017,41916375057,0.05,565,28.25,1115.4,5,False,49808,49852,49852,565,47079,562,0.01,10431.980068208497,18.562242114249994,True,237.4921073048621,6231,2350,2350,0,-5.188228212165548,True,-5.188228212165548,2.8973473152303457,2350,0,0.4759927082930388,3.509187637125384e-133,0.44391509288370545,0.507002154565335,0.4759927082930388,2350,41.92,94756963,35456772061,0.0,DONE
flu_h1_ha,2017_t0.1,doud_fitness,2017,41916375057,0.1,565,56.5,838.7,4,True,49621,49682,49682,565,47070,562,0.01,10429.531240712473,18.55788476995102,True,236.7651797735978,6229,10715,10678,37,-6.4185001286214955,True,-6.418500128621496,2.793460694934025,10715,0,0.49469278574550835,0.0,0.4797457419748092,0.5094195484994954,0.49391471488074196,10678,41.92,94756963,35456772061,0.0035,DONE
flu_h1_ha,2017_t0.1,wu_fitness,2017,41916375057,0.1,565,56.5,838.7,4,True,49621,49682,49682,565,47070,562,0.01,10429.531240712473,18.55788476995102,True,236.7651797735978,6229,2350,2350,0,-5.188747180128754,True,-5.188747180128754,2.8965800270877304,2350,0,0.4760218752927176,3.3641464859623134e-133,0.44391601646350576,0.5070267240798755,0.4760218752927176,2350,41.92,94756963,35456772061,0.0,DONE
flu_h1_ha,2017_t0.3,doud_fitness,2017,41916375057,0.3,565,169.5,1076.2,5,False,49240,49270,49270,565,47078,562,0.01,10432.873499703444,18.563831850006128,True,236.31063226967686,6227,10715,10678,37,-6.417594425010985,True,-6.417594425010985,2.794693725434666,10715,0,0.4949219805858408,0.0,0.4800774010627231,0.5096005179254752,0.4941470988848431,10678,41.92,94756963,35456772061,0.0035,DONE
flu_h1_ha,2017_t0.3,wu_fitness,2017,41916375057,0.3,565,169.5,1076.2,5,False,49240,49270,49270,565,47078,562,0.01,10432.873499703444,18.563831850006128,True,236.31063226967686,6227,2350,2350,0,-5.187759335012811,True,-5.187759335012811,2.89744468699388,2350,0,0.4762388842617464,2.457124767934425e-133,0.44422793643140357,0.5072855050273183,0.4762388842617464,2350,41.92,94756963,35456772061,0.0,DONE
flu_h1_ha,2017_t0.5,doud_fitness,2017,41916375057,0.5,565,282.5,1063.0,5,False,47385,47381,47381,565,45778,562,0.01,10173.123797972039,18.101643768633522,True,236.209190502221,6094,10715,10678,37,-6.433545601665595,True,-6.433545601665595,2.7827923128397165,10715,0,0.4969893265881601,0.0,0.48228757421045465,0.5115770878000366,0.49622143532749496,10678,41.92,94756963,35456772061,0.0035,DONE
flu_h1_ha,2017_t0.5,wu_fitness,2017,41916375057,0.5,565,282.5,1063.0,5,False,47385,47381,47381,565,45778,562,0.01,10173.123797972039,18.101643768633522,True,236.209190502221,6094,2350,2350,0,-5.199266654059356,True,-5.199266654059356,2.8904698326529683,2350,0,0.4751514264026636,1.1835722624552487e-132,0.44321526585683213,0.5063016965941638,0.4751514264026636,2350,41.92,94756963,35456772061,0.0,DONE
flu_h1_ha,2018_t0.05,doud_fitness,2018,58841434994,0.05,565,28.25,1554.9,5,False,55824,55881,55881,565,52744,562,0.01,11166.85400083236,19.869846976570035,True,244.48192482850388,6593,10715,10678,37,-6.458393044481926,True,-6.458393044481924,2.8161607076340878,10715,0,0.49545247011993754,0.0,0.4805038548787063,0.5100022862919115,0.49468918855691096,10678,58.84,133853533,49656227882,0.0035,DONE
flu_h1_ha,2018_t0.05,wu_fitness,2018,58841434994,0.05,565,28.25,1554.9,5,False,55824,55881,55881,565,52744,562,0.01,11166.85400083236,19.869846976570035,True,244.48192482850388,6593,2350,2350,0,-5.210961998039759,True,-5.210961998039759,2.9117690433466716,2350,0,0.4771151041270185,6.894274949854925e-134,0.444942131102003,0.5078353277925748,0.4771151041270185,2350,58.84,133853533,49656227882,0.0,DONE
flu_h1_ha,2018_t0.1,doud_fitness,2018,58841434994,0.1,565,56.5,1169.2,4,True,55433,55500,55500,565,52739,562,0.01,11183.92331545311,19.900219422514432,True,244.91635603303774,6605,10715,10678,37,-6.459176523945432,True,-6.459176523945432,2.816614987202984,10715,0,0.49536297171959265,0.0,0.4804280503963143,0.5099139561858488,0.4945888441447907,10678,58.84,133853533,49656227882,0.0035,DONE
flu_h1_ha,2018_t0.1,wu_fitness,2018,58841434994,0.1,565,56.5,1169.2,4,True,55433,55500,55500,565,52739,562,0.01,11183.92331545311,19.900219422514432,True,244.91635603303774,6605,2350,2350,0,-5.211309960566136,True,-5.211309960566136,2.9121187292961586,2350,0,0.4770795946959317,7.259180033982499e-134,0.44492910410043335,0.5079129296830442,0.4770795946959317,2350,58.84,133853533,49656227882,0.0,DONE
flu_h1_ha,2018_t0.3,doud_fitness,2018,58841434994,0.3,565,169.5,1455.4,5,False,55079,55110,55110,565,52744,562,0.01,11168.557541074817,19.872878186965867,True,244.74286017635075,6589,10715,10678,37,-6.460262898236392,True,-6.460262898236392,2.816198445973734,10715,0,0.4952152112844196,0.0,0.4804296188784027,0.5098035662314997,0.4944412133082625,10678,58.84,133853533,49656227882,0.0035,DONE
flu_h1_ha,2018_t0.3,wu_fitness,2018,58841434994,0.3,565,169.5,1455.4,5,False,55079,55110,55110,565,52744,562,0.01,11168.557541074817,19.872878186965867,True,244.74286017635075,6589,2350,2350,0,-5.2111013581321375,True,-5.2111013581321375,2.911323035913269,2350,0,0.4774464185873054,4.259626769303484e-134,0.4452655410085972,0.5082346077081604,0.4774464185873054,2350,58.84,133853533,49656227882,0.0,DONE
flu_h1_ha,2018_t0.5,doud_fitness,2018,58841434994,0.5,565,282.5,1447.1,5,False,53160,53157,53157,565,51473,562,0.01,10926.349803948282,19.441903565744273,True,243.26685723300756,6467,10715,10678,37,-6.474113168209292,True,-6.474113168209292,2.806950972555399,10715,0,0.49728836678987537,0.0,0.4826186426592433,0.5118804478756734,0.4965173366135859,10678,58.84,133853533,49656227882,0.0035,DONE
flu_h1_ha,2018_t0.5,wu_fitness,2018,58841434994,0.5,565,282.5,1447.1,5,False,53160,53157,53157,565,51473,562,0.01,10926.349803948282,19.441903565744273,True,243.26685723300756,6467,2350,2350,0,-5.219865852735752,True,-5.219865852735752,2.90632385248212,2350,0,0.4762069320659593,2.5734978981372223e-133,0.44432696574489544,0.5072804308797235,0.4762069320659593,2350,58.84,133853533,49656227882,0.0,DONE
flu_h1_ha,2020_t0.05,doud_fitness,2020,94265746446,0.05,565,28.25,2328.6,5,False,67968,68063,68063,565,64834,562,0.01,13396.49632124596,23.83718206627395,True,291.4001559313099,8071,10715,10678,37,-6.461724153306684,True,-6.461724153306684,2.8712371080654706,10715,0,0.4864516781253602,0.0,0.47156556546129735,0.5013083661068388,0.48585402744833045,10678,94.27,216491817,80303234933,0.0035,DONE
flu_h1_ha,2020_t0.05,wu_fitness,2020,94265746446,0.05,565,28.25,2328.6,5,False,67968,68063,68063,565,64834,562,0.01,13396.49632124596,23.83718206627395,True,291.4001559313099,8071,2350,2350,0,-5.139546078975926,True,-5.139546078975926,2.9039323877256487,2350,0,0.4733282400804135,1.630688388866452e-131,0.4415851703093953,0.5042929788747372,0.4733282400804135,2350,94.27,216491817,80303234933,0.0,DONE
flu_h1_ha,2020_t0.1,doud_fitness,2020,94265746446,0.1,565,56.5,1806.8,4,True,67743,67849,67849,565,64831,562,0.01,13361.773419251735,23.775397543152554,True,290.9836679342373,8055,10715,10678,37,-6.463151683652872,True,-6.463151683652872,2.8707286368975713,10715,0,0.48616478717468753,0.0,0.4711999756393479,0.5010194223757793,0.48556092927210237,10678,94.27,216491817,80303234933,0.0035,DONE
flu_h1_ha,2020_t0.1,wu_fitness,2020,94265746446,0.1,565,56.5,1806.8,4,True,67743,67849,67849,565,64831,562,0.01,13361.773419251735,23.775397543152554,True,290.9836679342373,8055,2350,2350,0,-5.141376276220199,True,-5.141376276220199,2.904197569853159,2350,0,0.47214192170223857,8.910768790743485e-131,0.440366084897735,0.5034161989404472,0.47214192170223857,2350,94.27,216491817,80303234933,0.0,DONE
flu_h1_ha,2020_t0.3,doud_fitness,2020,94265746446,0.3,565,169.5,2262.0,5,False,67374,67413,67413,565,64834,562,0.01,13415.84214060004,23.87160523238441,True,293.2225903233249,8086,10715,10678,37,-6.462685271341975,True,-6.462685271341975,2.873561834897667,10715,0,0.4864459373433686,0.0,0.4715173480225029,0.5013413047653474,0.4858495627917391,10678,94.27,216491817,80303234933,0.0035,DONE
flu_h1_ha,2020_t0.3,wu_fitness,2020,94265746446,0.3,565,169.5,2262.0,5,False,67374,67413,67413,565,64834,562,0.01,13415.84214060004,23.87160523238441,True,293.2225903233249,8086,2350,2350,0,-5.138804681109245,True,-5.138804681109245,2.908359645997726,2350,0,0.47251005219965625,5.264493066770939e-131,0.4406824344773469,0.5037407737095009,0.47251005219965625,2350,94.27,216491817,80303234933,0.0,DONE
flu_h1_ha,2020_t0.5,doud_fitness,2020,94265746446,0.5,565,282.5,2196.0,5,False,65434,65429,65429,565,63578,562,0.01,13176.65271083541,23.44600126483169,True,290.1172833304846,7964,10715,10678,37,-6.479817732357002,True,-6.479817732357002,2.867012480716634,10715,0,0.4872061917794317,0.0,0.47226807216722255,0.5020598200890013,0.4866232309082295,10678,94.27,216491817,80303234933,0.0035,DONE
flu_h1_ha,2020_t0.5,wu_fitness,2020,94265746446,0.5,565,282.5,2196.0,5,False,65434,65429,65429,565,63578,562,0.01,13176.65271083541,23.44600126483169,True,290.1172833304846,7964,2350,2350,0,-5.150901221053788,True,-5.150901221053788,2.9061311376543024,2350,0,0.4711768607345253,3.5298758746923737e-130,0.4396615186747943,0.5025007804768942,0.4711768607345253,2350,94.27,216491817,80303234933,0.0,DONE
flu_h1_ha,2022_t0.05,doud_fitness,2022,132765626704,0.05,565,28.25,3188.6,5,False,75458,75570,75570,565,72092,562,0.01,14948.485459135267,26.598728574973784,True,305.9153219634135,8988,10715,10678,37,-6.531181550516008,True,-6.531181550516009,2.895076899316129,10715,0,0.4905056952221084,0.0,0.4756612805676594,0.5052701203186717,0.4899353509973738,10678,132.77,297827854,113429464747,0.0035,DONE
flu_h1_ha,2022_t0.05,wu_fitness,2022,132765626704,0.05,565,28.25,3188.6,5,False,75458,75570,75570,565,72092,562,0.01,14948.485459135267,26.598728574973784,True,305.9153219634135,8988,2350,2350,0,-5.185150393705273,True,-5.185150393705273,2.923457325920713,2350,0,0.4784184696622593,1.0339695176157717e-134,0.4468155502972594,0.5092732760010173,0.4784184696622593,2350,132.77,297827854,113429464747,0.0,DONE
flu_h1_ha,2022_t0.1,doud_fitness,2022,132765626704,0.1,565,56.5,1849.0,3,True,75128,75249,75249,565,72084,562,0.01,14938.37729069285,26.580742510129625,True,307.26091860989527,8982,10715,10678,37,-6.531394908049248,True,-6.531394908049247,2.895816843738003,10715,0,0.49021570685579585,0.0,0.47538177767208145,0.5050236398118986,0.489642277394888,10678,132.77,297827854,113429464747,0.0035,DONE
flu_h1_ha,2022_t0.1,wu_fitness,2022,132765626704,0.1,565,56.5,1849.0,3,True,75128,75249,75249,565,72084,562,0.01,14938.37729069285,26.580742510129625,True,307.26091860989527,8982,2350,2350,0,-5.1858938125488825,True,-5.1858938125488825,2.9239969235117393,2350,0,0.47796061621433544,2.0154269405109654e-134,0.44638449310137174,0.5089182172163151,0.47796061621433544,2350,132.77,297827854,113429464747,0.0,DONE
flu_h1_ha,2022_t0.3,doud_fitness,2022,132765626704,0.3,565,169.5,3041.9,5,False,74725,74768,74768,565,72093,562,0.01,14947.83835287235,26.59757714034226,True,309.35550526061,8982,10715,10678,37,-6.530632660415717,True,-6.530632660415717,2.8952291905152134,10715,0,0.4900682790194978,0.0,0.47532262950829857,0.5048324110206057,0.4894912116869911,10678,132.77,297827854,113429464747,0.0035,DONE
flu_h1_ha,2022_t0.3,wu_fitness,2022,132765626704,0.3,565,169.5,3041.9,5,False,74725,74768,74768,565,72093,562,0.01,14947.83835287235,26.59757714034226,True,309.35550526061,8982,2350,2350,0,-5.185196557428952,True,-5.185196557428952,2.9251099376546605,2350,0,0.47844998043364423,9.875124259821027e-135,0.4468429776740114,0.5093758666953968,0.47844998043364423,2350,132.77,297827854,113429464747,0.0,DONE
flu_h1_ha,2022_t0.5,doud_fitness,2022,132765626704,0.5,565,282.5,2993.4,5,True,72739,72733,72733,565,70822,562,0.01,14740.69957840014,26.22900280854117,True,306.24120956596516,8884,10715,10678,37,-6.5543318512416535,True,-6.5543318512416535,2.892572303723308,10715,0,0.4906784042393451,0.0,0.4757061453703841,0.5054961830814647,0.49010827407145396,10678,132.77,297827854,113429464747,0.0035,DONE
flu_h1_ha,2022_t0.5,wu_fitness,2022,132765626704,0.5,565,282.5,2993.4,5,True,72739,72733,72733,565,70822,562,0.01,14740.69957840014,26.22900280854117,True,306.24120956596516,8884,2350,2350,0,-5.200858704444751,True,-5.200858704444751,2.9253414140714518,2350,0,0.47665360449426025,1.347074553133692e-133,0.445203411113495,0.507837204596093,0.47665360449426025,2350,132.77,297827854,113429464747,0.0,DONE
flu_h1_ha,2024_t0.05,doud_fitness,2024,175787678944,0.05,565,28.25,4087.1,5,False,75847,75943,75943,565,72463,562,0.01,15093.466424188184,26.856701822398904,True,307.1226432747844,9091,10715,10678,37,-6.5398932631753475,True,-6.5398932631753475,2.896914268549218,10715,0,0.49102430602997627,0.0,0.4761993058016536,0.5057446344959424,0.49046085556848745,10678,175.79,390790959,149633464343,0.0035,DONE
flu_h1_ha,2024_t0.05,wu_fitness,2024,175787678944,0.05,565,28.25,4087.1,5,False,75847,75943,75943,565,72463,562,0.01,15093.466424188184,26.856701822398904,True,307.1226432747844,9091,2350,2350,0,-5.192032512083795,True,-5.192032512083795,2.925899861585238,2350,0,0.4786409533382502,7.473047573037062e-135,0.4471452088655017,0.5094212850729216,0.4786409533382502,2350,175.79,390790959,149633464343,0.0,DONE
flu_h1_ha,2024_t0.1,doud_fitness,2024,175787678944,0.1,565,56.5,2350.9,3,True,75502,75622,75622,565,72454,562,0.01,15108.846592693008,26.884068670272256,True,309.01815954673305,9103,10715,10678,37,-6.539588961766759,True,-6.539588961766759,2.8990647143692,10715,0,0.4906926943389049,0.0,0.47580781759725393,0.505503709676446,0.49012384065842124,10678,175.79,390790959,149633464343,0.0035,DONE
flu_h1_ha,2024_t0.1,wu_fitness,2024,175787678944,0.1,565,56.5,2350.9,3,True,75502,75622,75622,565,72454,562,0.01,15108.846592693008,26.884068670272256,True,309.01815954673305,9103,2350,2350,0,-5.1929819889589615,True,-5.1929819889589615,2.9271087269095375,2350,0,0.47809843773142624,1.648773387584918e-134,0.44661155574463,0.5090019250909541,0.47809843773142624,2350,175.79,390790959,149633464343,0.0,DONE
flu_h1_ha,2024_t0.3,doud_fitness,2024,175787678944,0.3,565,169.5,3869.4,5,False,75094,75137,75137,565,72463,562,0.01,15101.466450444485,26.87093674456314,True,309.57043232675153,9089,10715,10678,37,-6.540996562706744,True,-6.540996562706744,2.898766554413526,10715,0,0.491170955955269,0.0,0.47632820076054094,0.5059388652488457,0.49060316112914476,10678,175.79,390790959,149633464343,0.0035,DONE
flu_h1_ha,2024_t0.3,wu_fitness,2024,175787678944,0.3,565,169.5,3869.4,5,False,75094,75137,75137,565,72463,562,0.01,15101.466450444485,26.87093674456314,True,309.57043232675153,9089,2350,2350,0,-5.191769761559469,True,-5.191769761559469,2.9284173722523645,2350,0,0.47854270462056564,8.625426251476035e-135,0.44696345955123123,0.5095148407661794,0.47854270462056564,2350,175.79,390790959,149633464343,0.0,DONE
flu_h1_ha,2024_t0.5,doud_fitness,2024,175787678944,0.5,565,282.5,3802.5,5,True,73108,73102,73102,565,71192,562,0.01,14884.967487060343,26.485707272349366,True,307.4729001347818,8985,10715,10678,37,-6.5630047225914145,True,-6.5630047225914145,2.8945114386079425,10715,0,0.4912453920695482,0.0,0.4762556570523788,0.5060790030399395,0.49067300909593914,10678,175.79,390790959,149633464343,0.0035,DONE
flu_h1_ha,2024_t0.5,wu_fitness,2024,175787678944,0.5,565,282.5,3802.5,5,True,73108,73102,73102,565,71192,562,0.01,14884.967487060343,26.485707272349366,True,307.4729001347818,8985,2350,2350,0,-5.207649946900415,True,-5.207649946900415,2.9276695501883245,2350,0,0.47694269318045934,8.855617211306186e-134,0.4455977926873514,0.5081816732437263,0.47694269318045934,2350,175.79,390790959,149633464343,0.0,DONE
flu_h1_ha,2025_t0.05,doud_fitness,2025,205602905135,0.05,565,28.25,4656.1,5,True,75876,75972,75972,565,72496,562,0.01,15123.370512163518,26.909911943351453,True,307.5137190776998,9108,10715,10678,37,-6.538612820703917,True,-6.538612820703917,2.897737697889206,10715,0,0.491532832253186,0.0,0.4766946748745761,0.5063020468328909,0.49097173951430895,10678,205.6,453950711,175061448847,0.0035,DONE
flu_h1_ha,2025_t0.05,wu_fitness,2025,205602905135,0.05,565,28.25,4656.1,5,True,75876,75972,75972,565,72496,562,0.01,15123.370512163518,26.909911943351453,True,307.5137190776998,9108,2350,2350,0,-5.191672463436279,True,-5.191672463436279,2.924917885049912,2350,0,0.47874877469778554,6.38444475260203e-135,0.44718374631576396,0.5094794603127809,0.47874877469778554,2350,205.6,453950711,175061448847,0.0,DONE
flu_h1_ha,2025_t0.1,doud_fitness,2025,205602905135,0.1,565,56.5,2673.0,3,True,75559,75679,75679,565,72486,562,0.01,15128.57052731153,26.919164639344363,True,309.4608687969478,9113,10715,10678,37,-6.5392502433425665,True,-6.539250243342568,2.8990662794561866,10715,0,0.4911376406203649,0.0,0.4762268602621645,0.5059362834581963,0.49057043427245595,10678,205.6,453950711,175061448847,0.0035,DONE
flu_h1_ha,2025_t0.1,wu_fitness,2025,205602905135,0.1,565,56.5,2673.0,3,True,75559,75679,75679,565,72486,562,0.01,15128.57052731153,26.919164639344363,True,309.4608687969478,9113,2350,2350,0,-5.193083428997066,True,-5.193083428997066,2.9271351310862634,2350,0,0.47802118892089884,1.8452057861867048e-134,0.44650609624769677,0.5089241590625846,0.47802118892089884,2350,205.6,453950711,175061448847,0.0,DONE
flu_h1_ha,2025_t0.3,doud_fitness,2025,205602905135,0.3,565,169.5,4406.3,5,False,75146,75188,75188,565,72495,562,0.01,15127.184908734032,26.916699125861268,True,310.04386003393495,9107,10715,10678,37,-6.5407436733960145,True,-6.5407436733960145,2.89892267665411,10715,0,0.491595906360666,0.0,0.4767218637900853,0.5063922485432133,0.4910319949841057,10678,205.6,453950711,175061448847,0.0035,DONE
flu_h1_ha,2025_t0.3,wu_fitness,2025,205602905135,0.3,565,169.5,4406.3,5,False,75146,75188,75188,565,72495,562,0.01,15127.184908734032,26.916699125861268,True,310.04386003393495,9107,2350,2350,0,-5.191841590491846,True,-5.191841590491846,2.928633472531828,2350,0,0.4784910044446408,9.301365246149676e-135,0.4469321906931,0.5093889983253362,0.4784910044446408,2350,205.6,453950711,175061448847,0.0,DONE
flu_h1_ha,2025_t0.5,doud_fitness,2025,205602905135,0.5,565,282.5,4332.5,5,True,73155,73149,73149,565,71224,562,0.01,14911.212106609355,26.53240588364654,True,307.96277482458856,9003,10715,10678,37,-6.562760985187903,True,-6.562760985187903,2.8946461682283076,10715,0,0.491711698200989,0.0,0.4767370979370408,0.5065306453087068,0.4911448328560372,10678,205.6,453950711,175061448847,0.0035,DONE
flu_h1_ha,2025_t0.5,wu_fitness,2025,205602905135,0.5,565,282.5,4332.5,5,True,73155,73149,73149,565,71224,562,0.01,14911.212106609355,26.53240588364654,True,307.96277482458856,9003,2350,2350,0,-5.207800240435649,True,-5.207800240435649,2.9279102827384804,2350,0,0.4768995821135425,9.427508051430993e-134,0.44552647343167723,0.5080966900597327,0.4768995821135425,2350,205.6,453950711,175061448847,0.0,DONE
flu_h1_ha,2026_t0.05,doud_fitness,2026,218561697876,0.05,565,28.25,4931.7,5,False,75947,76039,76039,565,72545,562,0.01,15149.479086057636,26.9563684805296,True,311.35984157831206,9128,10715,10678,37,-6.538732168689129,True,-6.538732168689129,2.898311348501211,10715,0,0.49188891754685476,0.0,0.47713622085055724,0.5066632693657995,0.4913258143887121,10678,218.56,475217233,186451559337,0.0035,DONE
flu_h1_ha,2026_t0.05,wu_fitness,2026,218561697876,0.05,565,28.25,4931.7,5,False,75947,76039,76039,565,72545,562,0.01,15149.479086057636,26.9563684805296,True,311.35984157831206,9128,2350,2350,0,-5.191612205051701,True,-5.191612205051701,2.9251794152412165,2350,0,0.4789066188209801,5.06970310395063e-135,0.447319274316031,0.509582727571809,0.4789066188209801,2350,218.56,475217233,186451559337,0.0,DONE
flu_h1_ha,2026_t0.1,doud_fitness,2026,218561697876,0.1,565,56.5,3674.7,4,True,75621,75741,75741,565,72535,562,0.01,15159.826628716011,26.974780478142367,True,313.71412602915,9132,10715,10678,37,-6.539834350395011,True,-6.5398343503950125,2.8982271312053505,10715,0,0.4916710979947487,0.0,0.4768208678306758,0.5064307558039975,0.4911135637842374,10678,218.56,475217233,186451559337,0.0035,DONE
flu_h1_ha,2026_t0.1,wu_fitness,2026,218561697876,0.1,565,56.5,3674.7,4,True,75621,75741,75741,565,72535,562,0.01,15159.826628716011,26.974780478142367,True,313.71412602915,9132,2350,2350,0,-5.1919905494585485,True,-5.1919905494585485,2.9274348243678894,2350,0,0.4784272438225614,1.0208187863007299e-134,0.4469234754906872,0.5094390262638595,0.4784272438225614,2350,218.56,475217233,186451559337,0.0,DONE
flu_h1_ha,2026_t0.3,doud_fitness,2026,218561697876,0.3,565,169.5,4616.7,5,False,75209,75251,75251,565,72544,562,0.01,15154.417049342843,26.965154892069116,True,314.45743476747475,9128,10715,10678,37,-6.540744879985959,True,-6.540744879985959,2.899684577348125,10715,0,0.49188837611082437,0.0,0.4770727189042828,0.5066931080573052,0.491328679793075,10678,218.56,475217233,186451559337,0.0035,DONE
flu_h1_ha,2026_t0.3,wu_fitness,2026,218561697876,0.3,565,169.5,4616.7,5,False,75209,75251,75251,565,72544,562,0.01,15154.417049342843,26.965154892069116,True,314.45743476747475,9128,2350,2350,0,-5.191693573766211,True,-5.191693573766211,2.9290171443462767,2350,0,0.47862670330471435,7.630140464871129e-135,0.44706231481727665,0.5094986547680199,0.47862670330471435,2350,218.56,475217233,186451559337,0.0,DONE
flu_h1_ha,2026_t0.5,doud_fitness,2026,218561697876,0.5,565,282.5,4543.7,5,True,73212,73206,73206,565,71271,562,0.01,14936.295495228318,26.57703824773722,True,312.3601840003944,9022,10715,10678,37,-6.562839429542948,True,-6.562839429542948,2.8953416792650977,10715,0,0.49197081595625436,0.0,0.47699166675389804,0.506783628884164,0.4914032353766686,10678,218.56,475217233,186451559337,0.0035,DONE
flu_h1_ha,2026_t0.5,wu_fitness,2026,218561697876,0.5,565,282.5,4543.7,5,True,73212,73206,73206,565,71271,562,0.01,14936.295495228318,26.57703824773722,True,312.3601840003944,9022,2350,2350,0,-5.20760366976646,True,-5.20760366976646,2.928244085695126,2350,0,0.4770383297212144,7.707503839641993e-134,0.4456886477317745,0.5082177806330933,0.4770383297212144,2350,218.56,475217233,186451559337,0.0,DONE
hiv_env,2010_t0.03,haddox_fitness,2010,4079792296,0.03,860,25.8,483.6,5,False,90144,90255,90255,860,12768,125,0.01,6227.147279929863,49.8171782394389,True,3065.474120468649,4748,12729,2375,10354,-5.937896649245501,True,-5.937896649245501,2.476835035517616,12729,0,0.1788870743690337,5.153811471207041e-92,0.16413084378960924,0.1942704766376739,0.49399575642861054,2375,4.08,9808438,3413904443,0.8134,DONE
hiv_env,2010_t0.04,haddox_fitness,2010,4079792296,0.04,860,34.4,479.2,5,False,89828,89935,89935,860,12769,125,0.01,6227.284039133312,49.818272313066494,True,3070.9632651132188,4749,12729,2375,10354,-5.933666011740062,True,-5.933666011740061,2.478915593146186,12729,0,0.1791167633231407,2.997775760409863e-92,0.16442709873234765,0.1945169481244334,0.4927276635298443,2375,4.08,9808438,3413904443,0.8134,DONE
hiv_env,2010_t0.05,haddox_fitness,2010,4079792296,0.05,860,43.0,474.7,5,False,89525,89629,89629,860,12768,125,0.01,6227.050131087335,49.81640104869868,True,3068.548939661734,4749,12729,2375,10354,-5.933829823009872,True,-5.933829823009872,2.4793626731262126,12729,0,0.17910138432651654,3.1086069307060196e-92,0.1644200849215236,0.19450028981342368,0.4924015184152999,2375,4.08,9808438,3413904443,0.8134,DONE
hiv_env,2010_t0.1,haddox_fitness,2010,4079792296,0.1,860,86.0,458.5,5,False,84361,84435,84435,860,12768,137,0.01,6500.4464151241955,47.44851397900872,True,3171.6662619981507,5052,12729,2603,10126,-5.937330746880746,True,-5.937330746880746,2.510546717451779,12729,0,0.18803875011250337,1.2214092901878559e-101,0.17307784193171277,0.2032479306455747,0.4988695738722159,2603,4.08,9808438,3413904443,0.7955,DONE
hiv_env,2010_t0.3,haddox_fitness,2010,4079792296,0.3,860,258.0,426.6,5,False,52518,52519,52519,860,12767,233,0.01,6946.054114012034,29.81139104726195,True,3321.4033024541905,5499,12729,4427,8302,-6.065632755933709,True,-6.06563275593371,2.624500282950678,12729,0,0.27733248069900257,1.6855936057595453e-223,0.26227518807136707,0.2918628361450262,0.5386706431935646,4427,4.08,9808438,3413904443,0.6522,DONE
hiv_env,2010_t0.5,haddox_fitness,2010,4079792296,0.5,860,430.0,427.7,5,False,26078,26085,26085,860,12771,490,0.01,7534.135744152758,15.375787232964813,True,3154.127766792827,6188,12729,9310,3419,-6.495428444958358,True,-6.495428444958358,2.5907210355419035,12729,0,0.41403765723164854,0.0,0.3997125056664658,0.42785850421024896,0.501468769868791,9310,4.08,9808438,3413904443,0.2686,DONE
hiv_env,2011_t0.03,haddox_fitness,2011,4885039979,0.03,860,25.8,588.4,5,False,99885,100317,100317,860,16474,130,0.01,8240.832306217977,63.39101774013829,True,3859.6126118153206,6379,12729,2470,10259,-6.124703123193162,True,-6.124703123193162,2.5475530788256053,12729,0,0.18703953394539286,1.4544145925520902e-100,0.17225920424489052,0.20227061244554484,0.4983358356268994,2470,4.89,11659891,4093709742,0.806,DONE
hiv_env,2011_t0.04,haddox_fitness,2011,4885039979,0.04,860,34.4,577.7,5,False,99518,99942,99942,860,16473,130,0.01,8247.054335239187,63.4388795018399,True,3867.9816920339463,6384,12729,2470,10259,-6.118986012984969,True,-6.11898601298497,2.549117838705866,12729,0,0.18702466896802653,1.50885215337741e-100,0.17237525346890414,0.20223849544133318,0.4964920431917475,2470,4.89,11659891,4093709742,0.806,DONE
hiv_env,2011_t0.05,haddox_fitness,2011,4885039979,0.05,860,43.0,570.1,5,False,99110,99529,99529,860,16470,133,0.01,8307.856770338009,62.465088498782016,True,3908.699125228886,6440,12729,2527,10202,-6.137240686641167,True,-6.137240686641166,2.5413587060240586,12729,0,0.1889396243080046,1.2931925443022037e-102,0.1742067552553692,0.20399884070735821,0.4968037579980102,2527,4.89,11659891,4093709742,0.8015,DONE
hiv_env,2011_t0.1,haddox_fitness,2011,4885039979,0.1,860,86.0,549.7,5,False,92967,93331,93331,860,16471,159,0.01,9193.580809252424,57.821262951273106,True,4375.9475659159425,7362,12729,3021,9708,-6.052474486613616,True,-6.052474486613616,2.6948064569347903,12729,0,0.20997356235849746,8.193455174306132e-127,0.19505899306774482,0.22519773131766216,0.5110034378862184,3021,4.89,11659891,4093709742,0.7627,DONE
hiv_env,2011_t0.3,haddox_fitness,2011,4885039979,0.3,860,258.0,509.6,5,False,60511,60662,60662,860,16469,261,0.01,9381.448060294231,35.94424544174035,True,4239.967769802528,7549,12729,4959,7770,-6.323792925776431,True,-6.323792925776431,2.7166405423838045,12729,0,0.3027208816678043,5.535900621351115e-268,0.2875225297361878,0.3171939276317545,0.5390782179281766,4959,4.89,11659891,4093709742,0.6104,DONE
hiv_env,2011_t0.5,haddox_fitness,2011,4885039979,0.5,860,430.0,514.6,5,False,32450,32507,32507,860,16473,555,0.01,9599.745651973904,17.296839012565595,True,3916.269211165088,7859,12729,10545,2184,-6.770133061511656,True,-6.770133061511656,2.60807527455637,12729,0,0.47093679934133686,0.0,0.45735352947534696,0.4842249104548658,0.5047829854114679,10545,4.89,11659891,4093709742,0.1716,DONE
hiv_env,2012_t0.03,haddox_fitness,2012,6617777514,0.03,860,25.8,792.7,5,False,120926,121398,121398,860,24599,157,0.01,12619.582709664794,80.3795077048713,True,5367.87238637294,9750,12729,2983,9746,-6.275537472973229,True,-6.275537472973229,2.7722724116722652,12729,0,0.2123775490385075,9.366380642516072e-130,0.19739883062226402,0.2272831908036788,0.5066135586829054,2983,6.62,15688962,5566407792,0.7657,DONE
hiv_env,2012_t0.04,haddox_fitness,2012,6617777514,0.04,860,34.4,782.8,5,False,120545,121008,121008,860,24598,157,0.01,12615.886281093364,80.35596357384308,True,5369.038574395025,9745,12729,2983,9746,-6.275664284408349,True,-6.275664284408349,2.771562778719706,12729,0,0.2124507547864632,7.610492922614817e-130,0.19747673518108153,0.227375164894071,0.5069725999777196,2983,6.62,15688962,5566407792,0.7657,DONE
hiv_env,2012_t0.05,haddox_fitness,2012,6617777514,0.05,860,43.0,775.1,5,False,120002,120441,120441,860,24598,159,0.01,12807.13474831809,80.54801728501944,True,5531.947957207593,9953,12729,3021,9708,-6.234445176492492,True,-6.234445176492493,2.805332987920507,12729,0,0.21610802818953642,2.1574970440142176e-134,0.20133669029757145,0.2310444132677904,0.5154388669236338,3021,6.62,15688962,5566407792,0.7627,DONE
hiv_env,2012_t0.1,haddox_fitness,2012,6617777514,0.1,860,86.0,735.0,5,False,111621,112019,112019,860,24599,181,0.01,13282.350861000477,73.38315392817944,True,5377.533187541868,10457,12729,3439,9290,-6.3146341658363205,True,-6.3146341658363205,2.840141398705862,12729,0,0.22960028710255823,6.590204783093891e-152,0.21465160511362155,0.24427017376397392,0.5143866708646775,3439,6.62,15688962,5566407792,0.7298,DONE
hiv_env,2012_t0.3,haddox_fitness,2012,6617777514,0.3,860,258.0,707.1,5,False,74585,74747,74747,860,24594,331,0.01,13758.334801298937,41.56596616706628,True,5539.098477557635,11123,12729,6289,6440,-6.3630485469710925,True,-6.363048546971092,2.8908347660428144,12729,0,0.3442767124100198,0.0,0.3297227791216101,0.3585326771389011,0.5399835461944361,6289,6.62,15688962,5566407792,0.5059,DONE
hiv_env,2012_t0.5,haddox_fitness,2012,6617777514,0.5,860,430.0,685.9,5,False,44051,44113,44113,860,24598,705,0.01,13277.058468484465,18.832707047495695,True,4908.77200750103,10656,12729,12331,398,-6.971690386922574,True,-6.971690386922574,2.7075708799626006,12729,0,0.49481209948195926,0.0,0.4816520923629198,0.5076088009292361,0.4953776942942466,12331,6.62,15688962,5566407792,0.0313,DONE
hiv_env,2013_t0.03,haddox_fitness,2013,8577285583,0.03,860,25.8,953.1,5,False,132932,133442,133442,860,29086,171,0.01,15013.146924465405,87.79618084482694,True,5966.037200549223,11607,12729,3249,9480,-6.388290741115119,True,-6.388290741115119,2.841245517702702,12729,0,0.22530718031355979,3.302531348865071e-146,0.21068393831190613,0.23983666940942458,0.5113180340198563,3249,8.58,20491136,7223080691,0.7448,DONE
hiv_env,2013_t0.04,haddox_fitness,2013,8577285583,0.04,860,34.4,938.8,5,False,132576,133076,133076,860,29087,174,0.01,15215.174059652742,87.44352907846404,True,6089.369533558497,11829,12729,3306,9423,-6.353490797405006,True,-6.353490797405008,2.8742692448959857,12729,0,0.22343241135237846,9.347892692304436e-144,0.2085648688745379,0.2381160649622786,0.509040619990392,3306,8.58,20491136,7223080691,0.7403,DONE
hiv_env,2013_t0.05,haddox_fitness,2013,8577285583,0.05,860,43.0,935.7,5,False,132067,132541,132541,860,29088,175,0.01,15282.310302421902,87.32748744241087,True,6164.8266842113735,11910,12729,3325,9404,-6.328412474240231,True,-6.328412474240231,2.8906604381397814,12729,0,0.22373608136745374,3.759240274587333e-144,0.20874010351974615,0.23837517403205277,0.5136781435321364,3325,8.58,20491136,7223080691,0.7388,DONE
hiv_env,2013_t0.1,haddox_fitness,2013,8577285583,0.1,860,86.0,897.5,5,False,123606,124022,124022,860,29088,199,0.01,15805.542346048045,79.42483590978917,True,6154.016715239584,12462,12729,3781,8948,-6.4248947165682715,True,-6.4248947165682715,2.876278659521529,12729,0,0.2521775708744461,7.262985550271585e-184,0.23723497965399012,0.26678763830295205,0.5193097284506715,3781,8.58,20491136,7223080691,0.703,DONE
hiv_env,2013_t0.3,haddox_fitness,2013,8577285583,0.3,860,258.0,851.0,5,False,84059,84234,84234,860,29081,332,0.01,15913.105068084813,47.931039361701245,True,6279.351124453999,12737,12729,6308,6421,-6.423825702324054,True,-6.423825702324054,2.934416028030588,12729,0,0.34781936754519066,0.0,0.33339534264918674,0.3618911954212496,0.5411004731581487,6308,8.58,20491136,7223080691,0.5044,DONE
hiv_env,2013_t0.5,haddox_fitness,2013,8577285583,0.5,860,430.0,815.1,5,False,51261,51332,51332,860,29087,766,0.01,15893.885318704073,20.749197544000097,True,5446.826578655695,12825,12729,12464,265,-7.07356753199897,True,-7.073567531998969,2.7694155557116313,12729,0,0.4880317747547393,0.0,0.47451022089098194,0.5010754188558167,0.48849263694038675,12464,8.58,20491136,7223080691,0.0208,DONE
hiv_env,2014_t0.03,haddox_fitness,2014,14387857648,0.03,860,25.8,1368.4,5,False,149737,150395,150395,860,36273,199,0.01,19103.90875634944,95.99954148919316,True,6865.691931188389,15048,12729,3781,8948,-6.511252264140782,True,-6.511252264140783,2.942609279891723,12729,0,0.25011941602427296,8.204824618431624e-181,0.23486617384548097,0.2645147260722724,0.5187432998462617,3781,14.39,33613081,12161501052,0.703,DONE
hiv_env,2014_t0.04,haddox_fitness,2014,14387857648,0.04,860,34.4,1333.8,5,False,149315,149917,149917,860,36271,200,0.01,16203.179108430522,81.0158955421526,True,6690.614049825539,12031,12729,3800,8929,-6.432645110466022,True,-6.432645110466022,2.87667055398629,12729,0,0.250744237733739,9.777699605197585e-182,0.23575687536509704,0.2651449251736472,0.5188743355069537,3800,14.39,33613081,12161501052,0.7015,DONE
hiv_env,2014_t0.05,haddox_fitness,2014,14387857648,0.05,860,43.0,1305.7,5,False,148670,149277,149277,860,36272,200,0.01,16202.51098506463,81.01255492532314,True,6697.1898794078725,12034,12729,3800,8929,-6.432311050082669,True,-6.432311050082669,2.8772021487526716,12729,0,0.25091353431890645,5.488749961174307e-182,0.2358643720500066,0.26532522721108,0.5186301144547445,3800,14.39,33613081,12161501052,0.7015,DONE
hiv_env,2014_t0.1,haddox_fitness,2014,14387857648,0.1,860,86.0,1224.5,5,False,140331,140834,140834,860,36268,213,0.01,17187.057159088185,80.6904091975971,True,6970.550944045964,13066,12729,4047,8682,-6.459934300226338,True,-6.4599343002263385,2.8978964745848197,12729,0,0.264910699180686,2.1837990275162902e-203,0.25009288327483,0.2794094822123624,0.5301771740727174,4047,14.39,33613081,12161501052,0.6821,DONE
hiv_env,2014_t0.3,haddox_fitness,2014,14387857648,0.3,860,258.0,1152.6,5,False,99209,99411,99411,860,36267,340,0.01,19250.22523931796,56.61830952740576,True,6962.902479287779,15389,12729,6460,6269,-6.530803327321218,True,-6.530803327321218,2.997344355140666,12729,0,0.3475620200685151,0.0,0.3333344456273056,0.3616991385297367,0.5354725812723035,6460,14.39,33613081,12161501052,0.4925,DONE
hiv_env,2014_t0.5,haddox_fitness,2014,14387857648,0.5,860,430.0,1100.6,5,False,64239,64316,64316,860,36273,796,0.01,19578.40675120324,24.595988380908594,True,6033.4476533916,15912,12729,12331,398,-7.17542379136079,True,-7.17542379136079,2.848167598433462,12729,0,0.4940110914374837,0.0,0.48072736821297923,0.5069169189257717,0.4945331511622219,12331,14.39,33613081,12161501052,0.0313,DONE
hiv_env,2015_t0.03,haddox_fitness,2015,21849375177,0.03,860,25.8,1698.2,5,False,157901,158724,158724,860,39574,201,0.01,17444.68746826371,86.78948989185925,True,7070.945804271954,12934,12729,3819,8910,-6.421645208676265,True,-6.421645208676265,2.8897175647548794,12729,0,0.25158317300601585,5.568292307477611e-183,0.23655492855736615,0.2662051896424515,0.5155979257473474,3819,21.85,50371270,18451816119,0.7,DONE
hiv_env,2015_t0.04,haddox_fitness,2015,21849375177,0.04,860,34.4,1660.2,5,False,157439,158236,158236,860,39573,201,0.01,17465.916106905148,86.89510500947834,True,7087.822827970699,12956,12729,3819,8910,-6.42467138003638,True,-6.42467138003638,2.8922694677585716,12729,0,0.25155541901979395,6.1230645500757824e-183,0.23660512313463292,0.2661263198662594,0.5160507365149415,3819,21.85,50371270,18451816119,0.7,DONE
hiv_env,2015_t0.05,haddox_fitness,2015,21849375177,0.05,860,43.0,1623.2,5,False,156433,157198,157198,860,39568,202,0.01,17463.843907442235,86.45467280911997,True,7074.865440216833,12953,12729,3838,8891,-6.432123818898809,True,-6.43212381889881,2.8902353162953283,12729,0,0.2507247522101914,1.0449282901516064e-181,0.23564450050392263,0.26518607703079805,0.5155001381779442,3838,21.85,50371270,18451816119,0.6985,DONE
hiv_env,2015_t0.1,haddox_fitness,2015,21849375177,0.1,860,86.0,1512.9,5,False,148445,149132,149132,860,39571,214,0.01,18551.336356665575,86.68848764796998,True,7395.711961445724,14097,12729,4066,8663,-6.451709928348283,True,-6.451709928348282,2.912377947448968,12729,0,0.26714616342033615,6.283071581003344e-207,0.2522874482150744,0.2817099433197126,0.528482734396819,4066,21.85,50371270,18451816119,0.6806,DONE
hiv_env,2015_t0.3,haddox_fitness,2015,21849375177,0.3,860,258.0,1455.2,5,False,106011,106232,106232,860,39572,349,0.01,20844.58307884806,59.726599079793864,True,7455.54141896249,16661,12729,6631,6098,-6.525039289631924,True,-6.525039289631924,3.0261735695009944,12729,0,0.3563592828935271,0.0,0.34203878693592327,0.37040401911296217,0.5393432603830781,6631,21.85,50371270,18451816119,0.4791,DONE
hiv_env,2015_t0.5,haddox_fitness,2015,21849375177,0.5,860,430.0,1384.2,5,False,68918,69007,69007,860,39573,797,0.01,21154.971287390603,26.543251301619325,True,6384.098444576854,17164,12729,12331,398,-7.176925386356432,True,-7.176925386356432,2.8720498607368574,12729,0,0.4934956653757599,0.0,0.4804233592899808,0.506473787961861,0.4942832327406832,12331,21.85,50371270,18451816119,0.0313,DONE
hiv_env,2016_t0.03,haddox_fitness,2016,31937028835,0.03,860,25.8,2177.8,5,False,171181,172070,172070,860,46421,210,0.01,19877.172219860495,94.65320104695473,True,7684.969366021335,14817,12729,3990,8739,-6.476915866156803,True,-6.476915866156802,2.9221324977705705,12729,0,0.26378532508632424,1.28500089704184e-201,0.24892623970848532,0.27810243978473065,0.5271178720992629,3990,31.94,72946704,26988983580,0.6865,DONE
hiv_env,2016_t0.04,haddox_fitness,2016,31937028835,0.04,860,34.4,2143.5,5,False,170676,171550,171550,860,46421,210,0.01,19875.810677280166,94.64671751085793,True,7688.405524890688,14816,12729,3990,8739,-6.476757071402105,True,-6.476757071402106,2.922852851204366,12729,0,0.26359338245094777,2.569667983764874e-201,0.24867903522567125,0.2779641564028974,0.5276977855597152,3990,31.94,72946704,26988983580,0.6865,DONE
hiv_env,2016_t0.05,haddox_fitness,2016,31937028835,0.05,860,43.0,2076.9,5,False,169292,170123,170123,860,46416,210,0.01,19886.575795925877,94.69797998059941,True,7683.9260212670215,14832,12729,3990,8739,-6.478426911074235,True,-6.478426911074234,2.9239313036172323,12729,0,0.26346433605638886,4.0934128634368305e-201,0.2486102006275199,0.2778296543475456,0.5274067647919433,3990,31.94,72946704,26988983580,0.6865,DONE
hiv_env,2016_t0.1,haddox_fitness,2016,31937028835,0.1,860,86.0,1943.4,5,False,161472,162215,162215,860,46420,225,0.01,20596.015114941085,91.5378449552937,True,7785.075038991757,15587,12729,4275,8454,-6.492897039054478,True,-6.492897039054478,2.97963761115664,12729,0,0.27961076899249776,2.640564246030842e-227,0.2645280649895298,0.2938314997998254,0.5348129494038654,4275,31.94,72946704,26988983580,0.6642,DONE
hiv_env,2016_t0.3,haddox_fitness,2016,31937028835,0.3,860,258.0,1874.6,5,False,116296,116551,116551,860,46421,362,0.01,23256.195370245074,64.24363361946153,True,7777.867329888888,18509,12729,6878,5851,-6.632925840120976,True,-6.632925840120976,3.0442634999809526,12729,0,0.3665325829649576,0.0,0.35255247382572313,0.3804658408938175,0.5402075667114244,6878,31.94,72946704,26988983580,0.4597,DONE
hiv_env,2016_t0.5,haddox_fitness,2016,31937028835,0.5,860,430.0,1808.4,5,False,77064,77179,77179,860,46421,818,0.01,22470.573069818085,27.470138227161474,True,6818.221161781172,17836,12729,12368,361,-7.1997617092358395,True,-7.1997617092358395,2.884306219680437,12729,0,0.49680323210848515,0.0,0.48375546727315627,0.5097362748119926,0.4961536557797755,12368,31.94,72946704,26988983580,0.0284,DONE
hiv_env,2017_t0.03,haddox_fitness,2017,41916375057,0.03,860,25.8,2682.0,5,False,185300,186244,186244,860,53183,226,0.01,23397.362047306044,103.52815065179665,True,8409.49435548622,17554,12729,4294,8435,-6.5629211947159405,True,-6.5629211947159405,3.004918458542072,12729,0,0.2831225149823012,3.0570393172773137e-233,0.26818493934154974,0.29731779216222687,0.533930562894996,4294,41.92,94756963,35456772061,0.6627,DONE
hiv_env,2017_t0.04,haddox_fitness,2017,41916375057,0.04,860,34.4,2630.3,5,False,184704,185593,185593,860,53180,228,0.01,23540.6904856263,103.2486424808171,True,8462.361404318814,17706,12729,4332,8397,-6.555582549052303,True,-6.555582549052303,3.0059495621708154,12729,0,0.2846050083719976,8.977677233212657e-236,0.269611999445975,0.2988493579630668,0.534994151204688,4332,41.92,94756963,35456772061,0.6597,DONE
hiv_env,2017_t0.05,haddox_fitness,2017,41916375057,0.05,860,43.0,2570.4,5,False,183300,184163,184163,860,53174,234,0.01,23859.623491373553,101.96420295458783,True,8397.052334090531,18046,12729,4446,8283,-6.579273152759075,True,-6.579273152759075,3.0033958348057412,12729,0,0.28941100118260055,4.338771166584178e-244,0.27435803842694717,0.3034808786608587,0.5365153686546177,4446,41.92,94756963,35456772061,0.6507,DONE
hiv_env,2017_t0.1,haddox_fitness,2017,41916375057,0.1,860,86.0,2386.6,5,False,175451,176225,176225,860,53184,283,0.01,25118.546305814973,88.75811415482322,True,7976.342956140611,19361,12729,5377,7352,-6.782159414822823,True,-6.782159414822823,2.9586004026023094,12729,0,0.30437665328611135,4.795366894620063e-271,0.28972542029303033,0.3183699610413287,0.5179362809777177,5377,41.92,94756963,35456772061,0.5776,DONE
hiv_env,2017_t0.3,haddox_fitness,2017,41916375057,0.3,860,258.0,2317.3,5,False,129267,129547,129547,860,53182,369,0.01,26765.226271696367,72.53448854118257,True,8506.813638155747,21270,12729,7011,5718,-6.717381340148213,True,-6.717381340148213,3.0718819045993206,12729,0,0.3654698706028636,0.0,0.3513069212612544,0.3792914413073651,0.5325127056120197,7011,41.92,94756963,35456772061,0.4492,DONE
hiv_env,2017_t0.5,haddox_fitness,2017,41916375057,0.5,860,430.0,2238.4,5,False,88846,88970,88970,860,53183,820,0.01,25779.966474875077,31.438983505945217,True,7355.506209869507,20424,12729,12425,304,-7.265388967031372,True,-7.265388967031372,2.920271364362269,12729,0,0.4929671600094818,0.0,0.47974539030998753,0.5058673515011624,0.4921911039471935,12425,41.92,94756963,35456772061,0.0239,DONE
hiv_env,2018_t0.03,haddox_fitness,2018,58841434994,0.03,860,25.8,3376.0,5,False,198156,199183,199183,860,61682,242,0.01,27865.209589768874,115.14549417259866,True,8896.138739249256,20911,12729,4598,8131,-6.708590436319565,True,-6.708590436319565,3.0362899721791696,12729,0,0.29819895089036347,1.0107753241037703e-259,0.2834318877064692,0.3124955903465693,0.5370281830909585,4598,58.84,133853533,49656227882,0.6388,DONE
hiv_env,2018_t0.04,haddox_fitness,2018,58841434994,0.04,860,34.4,3293.7,5,False,197506,198515,198515,860,61678,244,0.01,27901.898931579955,114.3520448015572,True,8920.347455299016,20942,12729,4636,8093,-6.726030568149352,True,-6.726030568149352,3.0358592456077025,12729,0,0.30096053388406696,9.484130346629374e-265,0.2861453592856748,0.31521855900633244,0.539050900413861,4636,58.84,133853533,49656227882,0.6358,DONE
hiv_env,2018_t0.05,haddox_fitness,2018,58841434994,0.05,860,43.0,3244.9,5,False,196079,197024,197024,860,61675,251,0.01,28077.653211697296,111.86316020596531,True,8770.589355264216,21135,12729,4769,7960,-6.769856355623189,True,-6.7698563556231885,3.0255189559391824,12729,0,0.29759889014347723,1.229672324061237e-258,0.28288844157288406,0.31187347335348525,0.5305297281563612,4769,58.84,133853533,49656227882,0.6253,DONE
hiv_env,2018_t0.1,haddox_fitness,2018,58841434994,0.1,860,86.0,3017.1,5,False,188005,188824,188824,860,61682,309,0.01,28109.25500963334,90.96846281434738,True,9005.539676274102,21324,12729,5871,6858,-6.675866639294982,True,-6.6758666392949815,3.031214050013798,12729,0,0.31693314881390044,6.2910660988069076e-295,0.30223227884953185,0.3310084027232792,0.5175423128883891,5871,58.84,133853533,49656227882,0.5388,DONE
hiv_env,2018_t0.3,haddox_fitness,2018,58841434994,0.3,860,258.0,2922.9,5,False,139455,139744,139744,860,61683,401,0.01,29463.18837886934,73.47428523408813,True,8918.831877550201,22753,12729,7619,5110,-6.822715047577335,True,-6.8227150475773355,3.071716603111945,12729,0,0.3802322220827483,0.0,0.3661272340135306,0.3940409135278033,0.5277108035489306,7619,58.84,133853533,49656227882,0.4014,DONE
hiv_env,2018_t0.5,haddox_fitness,2018,58841434994,0.5,860,430.0,2864.6,5,False,97742,97871,97871,860,61689,837,0.01,30585.968484205514,36.5423757278441,True,8023.597126118883,24217,12729,12558,171,-7.339894362516049,True,-7.339894362516049,2.973608334691226,12729,0,0.4843377007614551,0.0,0.470708003423692,0.4976508491387481,0.4832837927391726,12558,58.84,133853533,49656227882,0.0134,DONE
hiv_env,2020_t0.03,,2020,94265746446,0.03,860,25.8,4987.4,5,False,225118,226301,226301,860,77267,311,,,,,,,,,,,,,,,,,,,,,,94.27,216491817,80303234933,,FAILED:03_weights
hiv_env,2020_t0.04,,2020,94265746446,0.04,860,34.4,4831.7,5,False,224489,225597,225597,860,77263,312,,,,,,,,,,,,,,,,,,,,,,94.27,216491817,80303234933,,FAILED:03_weights
hiv_env,2020_t0.05,,2020,94265746446,0.05,860,43.0,4743.3,5,False,223487,224500,224500,860,77262,314,,,,,,,,,,,,,,,,,,,,,,94.27,216491817,80303234933,,FAILED:03_weights
hiv_env,2020_t0.1,,2020,94265746446,0.1,860,86.0,4333.1,5,False,214590,215489,215489,860,77270,320,,,,,,,,,,,,,,,,,,,,,,94.27,216491817,80303234933,,FAILED:03_weights
hiv_env,2020_t0.3,,2020,94265746446,0.3,860,258.0,4205.8,5,False,162281,162647,162647,860,77264,551,,,,,,,,,,,,,,,,,,,,,,94.27,216491817,80303234933,,FAILED:03_weights
hiv_env,2020_t0.5,,2020,94265746446,0.5,860,430.0,4135.1,5,False,116662,116835,116835,860,77267,843,,,,,,,,,,,,,,,,,,,,,,94.27,216491817,80303234933,,FAILED:03_weights
hiv_env,2022_t0.03,,2022,132765626704,0.03,860,25.8,6853.2,5,False,249186,251035,251035,860,93511,317,,,,,,,,,,,,,,,,,,,,,,132.77,297827854,113429464747,,FAILED:03_weights
hiv_env,2022_t0.04,,2022,132765626704,0.04,860,34.4,6542.5,5,False,248398,250213,250213,860,93506,318,,,,,,,,,,,,,,,,,,,,,,132.77,297827854,113429464747,,FAILED:03_weights
hiv_env,2022_t0.05,,2022,132765626704,0.05,860,43.0,6372.4,5,False,247050,248736,248736,860,93506,320,,,,,,,,,,,,,,,,,,,,,,132.77,297827854,113429464747,,FAILED:03_weights
hiv_env,2022_t0.1,,2022,132765626704,0.1,860,86.0,5752.6,5,False,237924,238922,238922,860,93510,330,,,,,,,,,,,,,,,,,,,,,,132.77,297827854,113429464747,,FAILED:03_weights
hiv_env,2022_t0.3,,2022,132765626704,0.3,860,258.0,5560.3,5,False,184851,185282,185282,860,93508,624,,,,,,,,,,,,,,,,,,,,,,132.77,297827854,113429464747,,FAILED:03_weights
hiv_env,2022_t0.5,,2022,132765626704,0.5,860,430.0,5498.5,5,False,135777,135979,135979,860,93511,844,,,,,,,,,,,,,,,,,,,,,,132.77,297827854,113429464747,,FAILED:03_weights
hiv_env,2024_t0.03,,2024,175787678944,0.03,860,25.8,8540.8,5,False,249473,251342,251342,860,93534,317,,,,,,,,,,,,,,,,,,,,,,175.79,390790959,149633464343,,FAILED:03_weights
hiv_env,2024_t0.04,,2024,175787678944,0.04,860,34.4,8160.3,5,False,248815,250642,250642,860,93530,318,,,,,,,,,,,,,,,,,,,,,,175.79,390790959,149633464343,,FAILED:03_weights
hiv_env,2024_t0.05,,2024,175787678944,0.05,860,43.0,7859.2,5,False,247149,248833,248833,860,93529,320,,,,,,,,,,,,,,,,,,,,,,175.79,390790959,149633464343,,FAILED:03_weights
hiv_env,2024_t0.1,,2024,175787678944,0.1,860,86.0,7017.4,5,False,237875,238879,238879,860,93533,330,,,,,,,,,,,,,,,,,,,,,,175.79,390790959,149633464343,,FAILED:03_weights
hiv_env,2024_t0.3,,2024,175787678944,0.3,860,258.0,6787.1,5,False,184850,185283,185283,860,93530,622,,,,,,,,,,,,,,,,,,,,,,175.79,390790959,149633464343,,FAILED:03_weights
hiv_env,2024_t0.5,,2024,175787678944,0.5,860,430.0,6693.5,5,False,135799,135993,135993,860,93532,844,,,,,,,,,,,,,,,,,,,,,,175.79,390790959,149633464343,,FAILED:03_weights
hiv_env,2025_t0.03,,2025,205602905135,0.03,860,25.8,9613.7,5,False,249685,251518,251518,860,93544,317,,,,,,,,,,,,,,,,,,,,,,205.6,453950711,175061448847,,FAILED:03_weights
hiv_env,2025_t0.04,,2025,205602905135,0.04,860,34.4,9248.8,5,False,248989,250800,250800,860,93541,317,,,,,,,,,,,,,,,,,,,,,,205.6,453950711,175061448847,,FAILED:03_weights
hiv_env,2025_t0.05,,2025,205602905135,0.05,860,43.0,8873.8,5,False,247185,248863,248863,860,93539,320,,,,,,,,,,,,,,,,,,,,,,205.6,453950711,175061448847,,FAILED:03_weights
hiv_env,2025_t0.1,,2025,205602905135,0.1,860,86.0,7916.1,5,False,237867,238867,238867,860,93545,330,,,,,,,,,,,,,,,,,,,,,,205.6,453950711,175061448847,,FAILED:03_weights
hiv_env,2025_t0.3,,2025,205602905135,0.3,860,258.0,7626.1,5,False,184862,185287,185287,860,93542,623,,,,,,,,,,,,,,,,,,,,,,205.6,453950711,175061448847,,FAILED:03_weights
hiv_env,2025_t0.5,,2025,205602905135,0.5,860,430.0,7523.7,5,False,135800,135994,135994,860,93545,844,,,,,,,,,,,,,,,,,,,,,,205.6,453950711,175061448847,,FAILED:03_weights
hiv_env,2026_t0.03,,2026,218561697876,0.03,860,25.8,10043.7,5,False,239869,240983,240983,860,84702,315,,,,,,,,,,,,,,,,,,,,,,218.56,475217233,186451559337,,FAILED:03_weights
hiv_env,2026_t0.04,,2026,218561697876,0.04,860,34.4,9669.3,5,False,239174,240292,240292,860,84698,315,,,,,,,,,,,,,,,,,,,,,,218.56,475217233,186451559337,,FAILED:03_weights
hiv_env,2026_t0.05,,2026,218561697876,0.05,860,43.0,9263.7,5,False,237294,238358,238358,860,84698,316,,,,,,,,,,,,,,,,,,,,,,218.56,475217233,186451559337,,FAILED:03_weights
hiv_env,2026_t0.1,,2026,218561697876,0.1,860,86.0,8188.9,5,False,228043,228993,228993,860,84700,325,,,,,,,,,,,,,,,,,,,,,,218.56,475217233,186451559337,,FAILED:03_weights
hiv_env,2026_t0.3,,2026,218561697876,0.3,860,258.0,7881.9,5,False,175502,175889,175889,860,84700,601,,,,,,,,,,,,,,,,,,,,,,218.56,475217233,186451559337,,FAILED:03_weights
hiv_env,2026_t0.5,,2026,218561697876,0.5,860,430.0,7759.8,5,False,126542,126720,126720,860,84703,843,,,,,,,,,,,,,,,,,,,,,,218.56,475217233,186451559337,,FAILED:03_weights
protease,2010,flynn_fitness,2010,4079792296,0.1,306,30.6,34.7,2,True,310,311,311,306,297,304,0.01,55.0908142644235,0.18121978376455097,False,20.388794205625512,7,5725,5687,38,-2.5082796509239382,True,-2.5082796509239382,1.44016009107537,5725,0,0.5410410689732305,0.0,0.5227183328892443,0.5588350432711245,0.5423086068587515,5687,4.08,9808438,3413904443,0.0066,DONE
protease,2010_t0.03,flynn_fitness,2010,4079792296,0.03,306,9.18,126.4,5,False,87553,87646,87646,306,11599,108,0.01,5851.41330798341,54.17975285169824,True,2591.3148221154743,4282,5725,2051,3674,-2.0422569902663845,True,-2.0422569902663845,3.0610565427608822,5725,0,0.025570779463111613,0.053030265955327824,-0.00018668888253427538,0.05060288823597716,0.0384444200447584,2051,4.08,9808438,3413904443,0.6417,DONE
protease,2010_t0.04,flynn_fitness,2010,4079792296,0.04,306,12.24,86.7,5,False,84990,84946,84946,306,363,50,0.01,92.99999999999999,1.8599999999999997,True,43.587119112076756,37,5725,950,4775,-2.562551390055983,True,-2.562551390055983,1.4180818914141133,5725,0,0.10832788351420403,2.0538274548852252e-16,0.0855837525286081,0.1310457659536708,0.44308384900955605,950,4.08,9808438,3413904443,0.8341,DONE
protease,2010_t0.05,flynn_fitness,2010,4079792296,0.05,306,15.3,65.2,5,False,1973,1951,1951,306,331,112,0.01,80.004042347156,0.7143218066710357,False,42.003623188405804,30,5725,2100,3625,-2.2773164470878857,True,-2.2773164470878857,1.4898374905267033,5725,0,0.28499302028531037,1.9762443781795995e-107,0.26175298875570524,0.308655319275669,0.5052754157214837,2100,4.08,9808438,3413904443,0.6332,DONE
protease,2010_t0.1,flynn_fitness,2010,4079792296,0.1,306,30.6,27.2,2,True,310,311,311,306,297,304,0.01,55.0908142644235,0.18121978376455097,False,20.388794205625512,7,5725,5687,38,-2.5082796509239382,True,-2.5082796509239382,1.44016009107537,5725,0,0.5410410689732305,0.0,0.5227183328892443,0.5588350432711245,0.5423086068587515,5687,4.08,9808438,3413904443,0.0066,DONE
protease,2010_t0.3,flynn_fitness,2010,4079792296,0.3,306,91.8,29.0,2,True,310,311,311,306,297,304,0.01,55.0908142644235,0.18121978376455097,False,20.388794205625512,7,5725,5687,38,-2.5082796509239382,True,-2.5082796509239382,1.44016009107537,5725,0,0.5410410689732305,0.0,0.5227183328892443,0.5588350432711245,0.5423086068587515,5687,4.08,9808438,3413904443,0.0066,DONE
protease,2010_t0.5,flynn_fitness,2010,4079792296,0.5,306,153.0,40.5,3,True,310,311,311,306,297,305,0.01,54.42414759775683,0.17843982818936666,False,20.32911661118348,7,5725,5706,19,-2.4968629345434614,True,-2.4968629345434614,1.43594367414077,5725,0,0.5414195904025306,0.0,0.5232360584605602,0.5594110782327434,0.5424339672296021,5706,4.08,9808438,3413904443,0.0033,DONE
protease,2011,flynn_fitness,2011,4885039979,0.1,306,30.6,88.4,2,True,411,412,412,306,398,305,0.01,63.28513521596135,0.20749224660970933,False,21.696591813983122,8,5725,5706,19,-2.6573385518810317,True,-2.6573385518810317,1.4394926166334492,5725,0,0.5397242917802992,0.0,0.5215893899332417,0.5575409026143703,0.5407153358097687,5706,4.89,11659891,4093709742,0.0033,DONE
protease,2011_t0.03,flynn_fitness,2011,4885039979,0.03,306,9.18,141.1,5,False,108292,108293,108293,306,5493,107,0.01,2743.63283614695,25.64142837520514,True,1060.1423997328206,1941,5725,2032,3693,-2.2504318443524642,True,-2.2504318443524642,2.7609566486251333,5725,0,0.08434420500574501,1.6394944688210594e-10,0.05898005729210062,0.10988186425530327,0.10761277041768744,2032,4.89,11659891,4093709742,0.6451,DONE
protease,2011_t0.04,flynn_fitness,2011,4885039979,0.04,306,12.24,114.0,5,False,133005,132784,132784,306,495,45,0.01,126.0,2.8,True,57.19676423389115,56,5725,855,4870,-2.6373907023632195,True,-2.6373907023632195,1.5210516908170468,5725,0,0.11030989544081563,5.752560611338672e-17,0.0877382948643184,0.13306087194700655,0.43736526924552227,855,4.89,11659891,4093709742,0.8507,DONE
protease,2011_t0.05,flynn_fitness,2011,4885039979,0.05,306,15.3,78.7,5,False,2303,2259,2259,306,425,113,0.01,87.19291450519191,0.7716187124353266,False,45.00467526221453,36,5725,2119,3606,-2.4530717530610495,True,-2.453071753061049,1.4749515433749927,5725,0,0.28888905670689424,1.8283852755318844e-110,0.26593641710821064,0.3124344246953334,0.5193150772408361,2119,4.89,11659891,4093709742,0.6299,DONE
protease,2011_t0.1,flynn_fitness,2011,4885039979,0.1,306,30.6,33.0,2,True,411,412,412,306,398,305,0.01,63.28513521596135,0.20749224660970933,False,21.696591813983122,8,5725,5706,19,-2.6573385518810317,True,-2.6573385518810317,1.4394926166334492,5725,0,0.5397242917802992,0.0,0.5215893899332417,0.5575409026143703,0.5407153358097687,5706,4.89,11659891,4093709742,0.0033,DONE
protease,2011_t0.3,flynn_fitness,2011,4885039979,0.3,306,91.8,32.4,2,True,411,412,412,306,398,305,0.01,63.28513521596135,0.20749224660970933,False,21.696591813983122,8,5725,5706,19,-2.6573385518810317,True,-2.6573385518810317,1.4394926166334492,5725,0,0.5397242917802992,0.0,0.5215893899332417,0.5575409026143703,0.5407153358097687,5706,4.89,11659891,4093709742,0.0033,DONE
protease,2011_t0.5,flynn_fitness,2011,4885039979,0.5,306,153.0,49.4,3,True,411,412,412,306,398,305,0.01,62.09465902548516,0.20358904598519723,False,21.405498327559876,8,5725,5706,19,-2.6465747062790377,True,-2.646574706279038,1.4308528551950461,5725,0,0.5399065979907587,0.0,0.521762796351553,0.5578798952783631,0.5409574363176434,5706,4.89,11659891,4093709742,0.0033,DONE
protease,2012,flynn_fitness,2012,6617777514,0.1,306,30.6,119.3,2,True,479,480,480,306,472,305,0.01,73.4077643971959,0.2406811947449046,False,22.346713019427646,12,5725,5706,19,-2.7480417479882036,True,-2.748041747988203,1.4992412629225538,5725,0,0.5405183240230163,0.0,0.5223528009186849,0.5583594860711991,0.5414783867096992,5706,6.62,15688962,5566407792,0.0033,DONE
protease,2012_t0.03,flynn_fitness,2012,6617777514,0.03,306,9.18,178.0,5,False,137418,137524,137524,306,7032,97,0.01,3977.0,41.0,True,1158.6788091055823,3029,5725,1842,3883,-2.339829479608537,True,-2.3398294796085373,2.718772227049453,5725,0,0.07614732347472722,7.988108337959449e-09,0.05046380978842391,0.10176788287710811,0.12119966153717852,1842,6.62,15688962,5566407792,0.6783,DONE
protease,2012_t0.04,flynn_fitness,2012,6617777514,0.04,306,12.24,118.7,5,False,41838,40556,40556,306,547,76,0.01,132.0,1.736842105263158,True,36.69830944551903,54,5725,1420,4305,-2.8204423438740034,True,-2.8204423438740034,1.3065768363915748,5725,0,0.18021755265921807,5.4091611650397835e-43,0.15668705043431805,0.20434313368642906,0.44101336989256534,1420,6.62,15688962,5566407792,0.752,DONE
protease,2012_t0.05,flynn_fitness,2012,6617777514,0.05,306,15.3,115.6,5,False,50787,50230,50230,306,25109,162,0.01,21039.477902626284,129.873320386582,True,15259.847832547279,18826,5725,3049,2676,-1.221330910666012,True,-1.221330910666012,2.465652666750443,5725,0,0.05411294936876085,4.1945258714698894e-05,0.027116382301749356,0.08103766636371966,0.08051546095648808,3049,6.62,15688962,5566407792,0.4674,DONE
protease,2012_t0.1,flynn_fitness,2012,6617777514,0.1,306,30.6,44.3,2,True,479,480,480,306,472,305,0.01,73.4077643971959,0.2406811947449046,False,22.346713019427646,12,5725,5706,19,-2.7480417479882036,True,-2.748041747988203,1.4992412629225538,5725,0,0.5405183240230163,0.0,0.5223528009186849,0.5583594860711991,0.5414783867096992,5706,6.62,15688962,5566407792,0.0033,DONE
protease,2012_t0.3,flynn_fitness,2012,6617777514,0.3,306,91.8,44.1,2,True,479,480,480,306,472,305,0.01,73.4077643971959,0.2406811947449046,False,22.346713019427646,12,5725,5706,19,-2.7480417479882036,True,-2.748041747988203,1.4992412629225538,5725,0,0.5405183240230163,0.0,0.5223528009186849,0.5583594860711991,0.5414783867096992,5706,6.62,15688962,5566407792,0.0033,DONE
protease,2012_t0.5,flynn_fitness,2012,6617777514,0.5,306,153.0,65.3,3,True,479,480,480,306,472,305,0.01,72.74109773052925,0.23849540239517786,False,22.327440788987715,12,5725,5706,19,-2.7428919293875293,True,-2.7428919293875293,1.4960377807640608,5725,0,0.5388147200723642,0.0,0.5204818484909055,0.5569250972616953,0.5397594198886667,5706,6.62,15688962,5566407792,0.0033,DONE
protease,2013,flynn_fitness,2013,8577285583,0.1,306,30.6,233.9,2,True,584,585,585,306,577,306,0.01,94.32549299308215,0.30825324507543184,False,29.42808934717581,20,5725,5725,0,-2.852173147321785,True,-2.852173147321785,1.620918347675398,5725,0,0.5429515751140286,0.0,0.5247595804211085,0.5608703886315812,0.5429515751140286,5725,8.58,20491136,7223080691,0.0,DONE
protease,2013_t0.03,flynn_fitness,2013,8577285583,0.03,306,9.18,215.3,5,False,156502,156762,156762,306,9188,76,0.01,4275.0,56.25,True,944.4599083850512,3088,5725,1443,4282,-2.705887265687172,True,-2.7058872656871715,2.7065199716513693,5725,0,0.05524102932849084,2.8892680765402594e-05,0.030513014070660496,0.07986038196056058,0.10011368785644291,1443,8.58,20491136,7223080691,0.7479,DONE
protease,2013_t0.04,,2013,8577285583,0.04,306,12.24,158.8,5,False,85261,82354,82354,306,808,0,0.01,808.0,inf,True,808.0,808,,,,,,,,,,,,,,,,8.58,20491136,7223080691,,FAILED:04_pssm
protease,2013_t0.05,flynn_fitness,2013,8577285583,0.05,306,15.3,148.6,5,False,61474,60158,60158,306,1474,101,0.01,729.3603982643782,7.221390081825527,True,510.94867759902996,572,5725,1915,3810,-1.8456737228743796,True,-1.8456737228743796,1.9066786879869997,5725,0,0.10458997857422579,2.1270024856579976e-15,0.07659327822703733,0.1323093201967566,0.21589832818657417,1915,8.58,20491136,7223080691,0.6655,DONE
protease,2013_t0.1,flynn_fitness,2013,8577285583,0.1,306,30.6,57.8,2,True,584,585,585,306,577,306,0.01,94.32549299308215,0.30825324507543184,False,29.42808934717581,20,5725,5725,0,-2.852173147321785,True,-2.852173147321785,1.620918347675398,5725,0,0.5429515751140286,0.0,0.5247595804211085,0.5608703886315812,0.5429515751140286,5725,8.58,20491136,7223080691,0.0,DONE
protease,2013_t0.3,flynn_fitness,2013,8577285583,0.3,306,91.8,61.6,2,True,584,585,585,306,577,306,0.01,94.32549299308215,0.30825324507543184,False,29.42808934717581,20,5725,5725,0,-2.852173147321785,True,-2.852173147321785,1.620918347675398,5725,0,0.5429515751140286,0.0,0.5247595804211085,0.5608703886315812,0.5429515751140286,5725,8.58,20491136,7223080691,0.0,DONE
protease,2013_t0.5,flynn_fitness,2013,8577285583,0.5,306,153.0,83.8,3,True,584,585,585,306,577,304,0.01,92.24709916468834,0.3034444051470011,False,29.41293971202564,20,5725,5688,37,-2.842744140815177,True,-2.8427441408151766,1.6143059066718648,5725,0,0.5422187003432358,0.0,0.5237244085724038,0.560358223410538,0.5432479049970134,5688,8.58,20491136,7223080691,0.0065,DONE
protease,2014,flynn_fitness,2014,14387857648,0.1,306,30.6,580.7,3,True,813,814,814,306,804,305,0.01,102.73055180070388,0.3368214813137832,False,31.416664513385008,24,5725,5706,19,-2.9605239361925926,True,-2.9605239361925917,1.600147480218953,5725,0,0.5453565179707871,0.0,0.5271122289463056,0.5633389089787736,0.5461774651669551,5706,14.39,33613081,12161501052,0.0033,DONE
protease,2014_t0.03,flynn_fitness,2014,14387857648,0.03,306,9.18,329.9,5,False,222801,231295,231295,306,13728,52,0.01,5577.0,107.25,True,1294.3847887260306,3917,5725,987,4738,-2.422179580895753,True,-2.422179580895753,2.943323487434182,5725,0,0.03917944560803702,0.00302728186392024,0.013446583742169435,0.06437786016235955,0.06314482002687298,987,14.39,33613081,12161501052,0.8276,DONE
protease,2014_t0.04,flynn_fitness,2014,14387857648,0.04,306,12.24,271.6,5,False,184641,184109,184109,306,896,47,0.01,166.99999999999997,3.5531914893617014,True,82.20191104994076,83,5725,893,4832,-2.748405942201503,True,-2.7484059422015035,1.6148303016436945,5725,0,0.10533741666900755,1.3415280408487736e-15,0.08280905836607981,0.1282235354676615,0.4345021550371505,893,14.39,33613081,12161501052,0.844,DONE
protease,2014_t0.05,flynn_fitness,2014,14387857648,0.05,306,15.3,251.3,5,False,112851,110464,110464,306,2219,102,0.01,1053.2561551024041,10.32604073629808,True,767.1466155813177,829,5725,1934,3791,-1.7519313277607609,True,-1.7519313277607607,1.9801361297757696,5725,0,0.08362309742617557,2.3435046829824024e-10,0.055429470295070095,0.11205016990215519,0.18880186165505278,1934,14.39,33613081,12161501052,0.6622,DONE
protease,2014_t0.1,flynn_fitness,2014,14387857648,0.1,306,30.6,140.9,3,True,813,814,814,306,804,305,0.01,102.73055180070388,0.3368214813137832,False,31.416664513385008,24,5725,5706,19,-2.9605239361925926,True,-2.9605239361925917,1.600147480218953,5725,0,0.5453565179707871,0.0,0.5271122289463056,0.5633389089787736,0.5461774651669551,5706,14.39,33613081,12161501052,0.0033,DONE
protease,2014_t0.3,flynn_fitness,2014,14387857648,0.3,306,91.8,92.0,2,True,811,812,812,306,804,305,0.01,105.17423493749047,0.3448335571720999,False,31.492843126513183,24,5725,5706,19,-2.9763129003740842,True,-2.9763129003740842,1.6113163733502762,5725,0,0.5441138614599226,0.0,0.5259308204143418,0.5620420193060278,0.5449419166047452,5706,14.39,33613081,12161501052,0.0033,DONE
protease,2014_t0.5,flynn_fitness,2014,14387857648,0.5,306,153.0,137.8,3,True,811,812,812,306,804,305,0.01,102.73055180070388,0.3368214813137832,False,31.416664513385015,24,5725,5706,19,-2.9605239361925926,True,-2.9605239361925917,1.600147480218953,5725,0,0.5454623051049002,0.0,0.5271977766027455,0.5634796885002583,0.5462813308384576,5706,14.39,33613081,12161501052,0.0033,DONE
protease,2015,flynn_fitness,2015,21849375177,0.1,306,30.6,797.2,3,True,1044,1045,1045,306,1035,304,0.01,118.54603586027517,0.38995406532985255,False,40.44070546688176,33,5725,5688,37,-3.001043282508547,True,-3.001043282508547,1.7103372855592451,5725,0,0.5531733727231403,0.0,0.5351275201794393,0.570739720283666,0.5542531019725286,5688,21.85,50371270,18451816119,0.0065,DONE
protease,2015_t0.03,flynn_fitness,2015,21849375177,0.03,306,9.18,480.5,5,False,269521,271903,271903,306,16304,55,0.01,6260.0,113.81818181818181,True,1372.9348348938147,4292,5725,1044,4681,-2.689010765832252,True,-2.6890107658322524,2.9599642820010086,5725,0,0.023046895958260802,0.081217538567204,-0.002541406285972172,0.04816503541963233,0.030882483396235717,1044,21.85,50371270,18451816119,0.8176,DONE
protease,2015_t0.04,flynn_fitness,2015,21849375177,0.04,306,12.24,409.8,5,False,209955,209072,209072,306,1418,48,0.01,332.0,6.916666666666667,True,155.36357242308173,192,5725,912,4813,-2.767869131478573,True,-2.767869131478573,1.8510617899807336,5725,0,0.10464679161051127,2.0540112944372694e-15,0.0819384993333168,0.12785583616804602,0.38675247128612517,912,21.85,50371270,18451816119,0.8407,DONE
protease,2015_t0.05,flynn_fitness,2015,21849375177,0.05,306,15.3,422.6,5,False,269589,267695,267695,306,11927,109,0.01,7874.934880795621,72.24710899812497,True,5239.363031691173,6526,5725,2066,3659,-1.2907039918040466,True,-1.2907039918040464,2.4985152075813315,5725,0,0.06771179018887129,2.9269069110649695e-07,0.04046414406905734,0.09535086461351146,0.14425126671025715,2066,21.85,50371270,18451816119,0.6391,DONE
protease,2015_t0.1,flynn_fitness,2015,21849375177,0.1,306,30.6,221.0,3,True,1044,1045,1045,306,1035,304,0.01,118.54603586027517,0.38995406532985255,False,40.44070546688176,33,5725,5688,37,-3.001043282508547,True,-3.001043282508547,1.7103372855592451,5725,0,0.5531733727231403,0.0,0.5351275201794393,0.570739720283666,0.5542531019725286,5688,21.85,50371270,18451816119,0.0065,DONE
protease,2015_t0.3,flynn_fitness,2015,21849375177,0.3,306,91.8,144.2,2,True,1043,1044,1044,306,1035,305,0.01,120.86219149468691,0.3962694803104489,False,40.48671083118924,33,5725,5706,19,-3.013970601207032,True,-3.013970601207032,1.716265792718067,5725,0,0.5525323789620868,0.0,0.5346908791498015,0.5700652023102482,0.5533612120141614,5706,21.85,50371270,18451816119,0.0033,DONE
protease,2015_t0.5,flynn_fitness,2015,21849375177,0.5,306,153.0,215.2,3,True,1043,1044,1044,306,1035,304,0.01,118.54603586027517,0.38995406532985255,False,40.44070546688176,33,5725,5688,37,-3.001043282508547,True,-3.001043282508547,1.7103372855592451,5725,0,0.5532607264733589,0.0,0.5352425094508788,0.5707966257708048,0.5543364162999251,5688,21.85,50371270,18451816119,0.0065,DONE
protease,2016,flynn_fitness,2016,31937028835,0.1,306,30.6,1017.2,3,True,1256,1257,1257,306,1247,304,0.01,142.95418840273655,0.4702440407984755,False,41.52204613266004,40,5725,5688,37,-3.085821960064396,True,-3.085821960064396,1.806521562857247,5725,0,0.5497302332623987,0.0,0.5318636776042838,0.5672960077347451,0.550780619920985,5688,31.94,72946704,26988983580,0.0065,DONE
protease,2016_t0.03,flynn_fitness,2016,31937028835,0.03,306,9.18,674.5,5,False,376140,390941,390941,306,25454,8,0.01,1091.0,136.375,True,1091.0,491,5725,152,5573,-1.7790196695020466,True,-1.7790196695020468,2.4334001871719644,5725,0,0.02800371317679074,0.034105833643205644,0.0002882154797178023,0.054401720356601665,0.3307384423169156,152,31.94,72946704,26988983580,0.9734,DONE
protease,2016_t0.04,flynn_fitness,2016,31937028835,0.04,306,12.24,585.0,5,False,285057,280165,280165,306,1448,48,0.01,277.0,5.770833333333333,True,138.53978983754826,153,5725,912,4813,-2.6484081386931013,True,-2.648408138693102,1.6700315181525291,5725,0,0.09730522362884499,1.602242424320037e-13,0.07409736511939495,0.12023368663966612,0.34707153983242905,912,31.94,72946704,26988983580,0.8407,DONE
protease,2016_t0.05,,2016,31937028835,0.05,306,15.3,530.2,5,False,87246,82779,82779,306,1250,0,0.01,1250.0,inf,True,1250.0,1250,,,,,,,,,,,,,,,,31.94,72946704,26988983580,,FAILED:04_pssm
protease,2016_t0.1,flynn_fitness,2016,31937028835,0.1,306,30.6,309.8,3,True,1256,1257,1257,306,1247,304,0.01,142.95418840273655,0.4702440407984755,False,41.52204613266004,40,5725,5688,37,-3.085821960064396,True,-3.085821960064396,1.806521562857247,5725,0,0.5497302332623987,0.0,0.5318636776042838,0.5672960077347451,0.550780619920985,5688,31.94,72946704,26988983580,0.0065,DONE
protease,2016_t0.3,flynn_fitness,2016,31937028835,0.3,306,91.8,207.6,2,True,1255,1256,1256,306,1247,305,0.01,146.7091973100039,0.48101376167214394,False,41.63468143001147,41,5725,5706,19,-3.102845734274771,True,-3.102845734274771,1.8165571754450462,5725,0,0.5491385790804756,0.0,0.5312545221649864,0.5667020676609399,0.5499427009315047,5706,31.94,72946704,26988983580,0.0033,DONE
protease,2016_t0.5,flynn_fitness,2016,31937028835,0.5,306,153.0,309.1,3,True,1255,1256,1256,306,1247,304,0.01,142.95418840273655,0.4702440407984755,False,41.52204613266004,40,5725,5688,37,-3.085821960064397,True,-3.085821960064396,1.806521562857247,5725,0,0.5497302332623987,0.0,0.5318636776042838,0.5672960077347451,0.550780619920985,5688,31.94,72946704,26988983580,0.0065,DONE
protease,2017,flynn_fitness,2017,41916375057,0.1,306,30.6,1153.7,3,True,1670,1671,1671,306,1661,302,0.01,162.54918851463964,0.5382423460749657,False,50.32819462338411,53,5725,5651,74,-3.2096312937560363,True,-3.2096312937560363,1.8232797555305962,5725,0,0.5511534128483283,0.0,0.5331489471805042,0.5689065892974283,0.55333679613338,5651,41.92,94756963,35456772061,0.0129,DONE
protease,2017_t0.03,,2017,41916375057,0.03,306,9.18,856.4,5,False,453178,476066,476066,306,33939,0,0.01,33939.0,inf,True,33939.0,33939,,,,,,,,,,,,,,,,41.92,94756963,35456772061,,FAILED:04_pssm
protease,2017_t0.04,flynn_fitness,2017,41916375057,0.04,306,12.24,758.3,5,False,311927,309878,309878,306,2356,10,0.01,354.0,35.4,True,241.03801186097388,231,5725,190,5535,-2.000678644337006,True,-2.0006786443370057,1.789345984901436,5725,0,0.025264999704993827,0.055936276532924906,0.004504104145178351,0.04661497382607267,0.20776465588382073,190,41.92,94756963,35456772061,0.9668,DONE
protease,2017_t0.05,flynn_fitness,2017,41916375057,0.05,306,15.3,967.2,5,False,109924,110379,110379,306,5790,78,0.01,2671.0,34.243589743589745,True,1245.2815981978697,2020,5725,1479,4246,-2.5122887886705003,True,-2.5122887886705,2.374820578008281,5725,0,0.09352324269131082,1.3380596109185812e-12,0.06613167762211762,0.12088736784476169,0.2004089111346756,1479,41.92,94756963,35456772061,0.7417,DONE
protease,2017_t0.1,flynn_fitness,2017,41916375057,0.1,306,30.6,407.7,3,True,1670,1671,1671,306,1661,302,0.01,162.54918851463964,0.5382423460749657,False,50.32819462338411,53,5725,5651,74,-3.2096312937560363,True,-3.2096312937560363,1.8232797555305962,5725,0,0.5511534128483283,0.0,0.5331489471805042,0.5689065892974283,0.55333679613338,5651,41.92,94756963,35456772061,0.0129,DONE
protease,2017_t0.3,flynn_fitness,2017,41916375057,0.3,306,91.8,272.8,2,True,1669,1670,1670,306,1661,304,0.01,165.39818672347624,0.544072982643014,False,50.48747657514055,54,5725,5688,37,-3.212228041276952,True,-3.212228041276952,1.8333001720378108,5725,0,0.5515316956887352,0.0,0.5336148029849844,0.5692308088468565,0.5530473498397485,5688,41.92,94756963,35456772061,0.0065,DONE
protease,2017_t0.5,flynn_fitness,2017,41916375057,0.5,306,153.0,408.7,3,True,1669,1670,1670,306,1661,302,0.01,162.5491885146396,0.5382423460749656,False,50.328194623384114,53,5725,5651,74,-3.2096312937560363,True,-3.2096312937560363,1.8232797555305962,5725,0,0.5510565009893025,0.0,0.5330623079584059,0.5688348539020661,0.5532374605754116,5651,41.92,94756963,35456772061,0.0129,DONE
protease,2018,flynn_fitness,2018,58841434994,0.1,306,30.6,1455.7,3,True,2361,2362,2362,306,2352,303,0.01,207.80449197445233,0.6858234058562783,False,55.43455758205088,74,5725,5669,56,-3.369056121197802,True,-3.369056121197802,1.9031522978531545,5725,0,0.55170528875153,0.0,0.5338661175915945,0.5693181056935611,0.5535694797375806,5669,58.84,133853533,49656227882,0.0098,DONE
protease,2018_t0.03,flynn_fitness,2018,58841434994,0.03,306,9.18,2348.3,5,False,2823343,3148671,3148671,306,48363,68,0.01,2794.0000000000005,41.08823529411765,True,148.4437642054151,1552,5725,1236,4489,-3.134807501198961,True,-3.1348075011989605,1.7885109822782075,5725,0,0.1946146111580886,5.612565851886851e-50,0.17043281771043922,0.21912506649570646,0.4551842493704435,1236,58.84,133853533,49656227882,0.7841,DONE
protease,2018_t0.04,,2018,58841434994,0.04,306,12.24,1024.8,5,False,359042,365482,365482,306,4125,0,0.01,4125.0,inf,True,4125.0,4125,,,,,,,,,,,,,,,,58.84,133853533,49656227882,,FAILED:04_pssm
protease,2018_t0.05,flynn_fitness,2018,58841434994,0.05,306,15.3,1074.1,5,False,156637,155215,155215,306,8317,90,0.01,4120.0,45.77777777777778,True,1955.6768643914913,3257,5725,1707,4018,-2.3742635952153845,True,-2.3742635952153845,2.4898960922760427,5725,0,0.13585342682214196,5.441439606761464e-25,0.11017824613818596,0.16184664779259195,0.28751507616270766,1707,58.84,133853533,49656227882,0.7018,DONE
protease,2018_t0.1,flynn_fitness,2018,58841434994,0.1,306,30.6,571.5,3,True,2361,2362,2362,306,2352,303,0.01,207.80449197445233,0.6858234058562783,False,55.43455758205088,74,5725,5669,56,-3.369056121197802,True,-3.369056121197802,1.9031522978531545,5725,0,0.55170528875153,0.0,0.5338661175915945,0.5693181056935611,0.5535694797375806,5669,58.84,133853533,49656227882,0.0098,DONE
protease,2018_t0.3,flynn_fitness,2018,58841434994,0.3,306,91.8,382.2,2,True,2360,2361,2361,306,2352,303,0.01,210.10185466981525,0.693405460956486,False,55.44586886201989,76,5725,5669,56,-3.3789017607750007,True,-3.3789017607750007,1.9074193720588342,5725,0,0.5513537587630067,0.0,0.5334662636453424,0.5691172319059558,0.5532098750942427,5669,58.84,133853533,49656227882,0.0098,DONE
protease,2018_t0.5,flynn_fitness,2018,58841434994,0.5,306,153.0,574.0,3,True,2360,2361,2361,306,2352,303,0.01,208.68452069789322,0.6887277910821559,False,55.401892186685494,75,5725,5669,56,-3.3709747491267192,True,-3.3709747491267197,1.906405372683432,5725,0,0.5517596614674694,0.0,0.533967960198846,0.5693827195928567,0.5535922215855075,5669,58.84,133853533,49656227882,0.0098,DONE
protease,2020,flynn_fitness,2020,94265746446,0.1,306,30.6,2773.6,3,True,3114,3111,3111,306,3098,303,0.01,289.9498604254228,0.9569302324271379,False,73.16109659117036,114,5725,5669,56,-3.5765373413252504,True,-3.5765373413252504,2.020270349716696,5725,0,0.5654202427032797,0.0,0.5478427411329877,0.582893426429878,0.5670026752733681,5669,94.27,216491817,80303234933,0.0098,DONE
protease,2020_t0.03,,2020,94265746446,0.03,306,9.18,1901.7,5,False,927716,970014,970014,306,75672,0,,,,,,,,,,,,,,,,,,,,,,94.27,216491817,80303234933,,FAILED:03_weights
protease,2020_t0.04,flynn_fitness,2020,94265746446,0.04,306,12.24,1729.7,5,False,764708,774179,774179,306,5848,43,0.01,1392.0,32.372093023255815,True,717.8422746292995,981,5725,792,4933,-2.259899009625179,True,-2.259899009625179,2.0911664548646653,5725,0,0.08306789745278488,3.079245946793775e-10,0.05805087549084704,0.10912552185292519,0.27043318837114555,792,94.27,216491817,80303234933,0.8617,DONE
protease,2020_t0.05,flynn_fitness,2020,94265746446,0.05,306,15.3,1548.9,5,False,243980,242868,242868,306,19701,123,0.01,9500.621483133724,77.24082506612784,True,4644.856892896794,7361,5725,2333,3392,-1.9722144899263985,True,-1.972214489926399,2.6055517226938814,5725,0,0.0984447728157722,8.316632144651474e-14,0.07185329874841682,0.1249856219663716,0.1983419448006567,2333,94.27,216491817,80303234933,0.5925,DONE
protease,2020_t0.1,flynn_fitness,2020,94265746446,0.1,306,30.6,917.3,3,True,3114,3111,3111,306,3098,303,0.01,289.9498604254228,0.9569302324271379,False,73.16109659117036,114,5725,5669,56,-3.5765373413252504,True,-3.5765373413252504,2.020270349716696,5725,0,0.5654202427032797,0.0,0.5478427411329877,0.582893426429878,0.5670026752733681,5669,94.27,216491817,80303234933,0.0098,DONE
protease,2020_t0.3,flynn_fitness,2020,94265746446,0.3,306,91.8,919.6,3,True,3107,3108,3108,306,3098,303,0.01,289.94986042542274,0.9569302324271377,False,73.16109659117036,114,5725,5669,56,-3.5765373413252517,True,-3.576537341325251,2.020270349716696,5725,0,0.5653915017810133,0.0,0.5477692084726266,0.5828538669684569,0.5669742225817688,5669,94.27,216491817,80303234933,0.0098,DONE
protease,2020_t0.5,flynn_fitness,2020,94265746446,0.5,306,153.0,918.7,3,True,3105,3106,3106,306,3097,303,0.01,288.44699069527076,0.9519702663210255,False,72.18621256848171,111,5725,5669,56,-3.5889178568909297,True,-3.5889178568909297,2.019765184287684,5725,0,0.5635047581046757,0.0,0.5459563821827138,0.5807996891208497,0.5650148193509456,5669,94.27,216491817,80303234933,0.0098,DONE
protease,2022,flynn_fitness,2022,132765626704,0.1,306,30.6,3616.9,3,True,7332,7376,7376,306,7272,306,0.01,453.7219426630609,1.48275144661131,True,92.69037568332533,131,5725,5725,0,-4.563543074551618,True,-4.563543074551618,1.642895775086226,5725,0,0.5676431403523249,0.0,0.5498944684895946,0.5848478682411634,0.5676431403523249,5725,132.77,297827854,113429464747,0.0,DONE
protease,2022_t0.03,,2022,132765626704,,,,,,,,,,,,,,,,,,,,,,,,,,,,,,,,,,132.77,297827854,113429464747,,FAILED:01_jackhmmer_search
protease,2022_t0.04,flynn_fitness,2022,132765626704,0.04,306,12.24,2491.2,5,False,1070393,1098124,1098124,306,20581,46,0.01,5743.0,124.84782608695652,True,2984.7618420393674,4141,5725,849,4876,-2.2618483856350906,True,-2.2618483856350906,2.3003123389113185,5725,0,0.09398522556828143,1.0370646227879957e-12,0.06847475731143962,0.11929558084694993,0.2351902829486926,849,132.77,297827854,113429464747,0.8517,DONE
protease,2022_t0.05,flynn_fitness,2022,132765626704,0.05,306,15.3,2223.7,5,False,291311,293687,293687,306,30152,125,0.01,14363.739283129398,114.90991426503518,True,6875.129730217685,11308,5725,2371,3354,-2.1806546695071383,True,-2.1806546695071387,2.591880637654986,5725,0,0.09865334441123058,7.370045082529292e-14,0.07177297366176867,0.12544314351350627,0.18922095061206773,2371,132.77,297827854,113429464747,0.5859,DONE
protease,2022_t0.1,flynn_fitness,2022,132765626704,0.1,306,30.6,1313.2,3,True,7332,7376,7376,306,7272,306,0.01,453.7219426630609,1.48275144661131,True,92.69037568332533,131,5725,5725,0,-4.563543074551618,True,-4.563543074551618,1.642895775086226,5725,0,0.5676431403523249,0.0,0.5498944684895946,0.5848478682411634,0.5676431403523249,5725,132.77,297827854,113429464747,0.0,DONE
protease,2022_t0.3,flynn_fitness,2022,132765626704,0.3,306,91.8,1323.1,3,True,7321,7351,7351,306,7272,306,0.01,453.7219426630609,1.48275144661131,True,92.6903756833253,131,5725,5725,0,-4.563543074551618,True,-4.563543074551618,1.642895775086226,5725,0,0.5676089116695701,0.0,0.549862739228563,0.5848029288478283,0.5676089116695701,5725,132.77,297827854,113429464747,0.0,DONE
protease,2022_t0.5,flynn_fitness,2022,132765626704,0.5,306,153.0,1314.4,3,True,7313,7318,7318,306,7273,306,0.01,454.5809736035856,1.4855587372666197,True,91.83300390297909,130,5725,5725,0,-4.580815516259819,True,-4.580815516259819,1.644746996324121,5725,0,0.5668849758752188,0.0,0.5492333612862262,0.5840479996390668,0.5668849758752188,5725,132.77,297827854,113429464747,0.0,DONE
protease,2024,flynn_fitness,2024,175787678944,0.1,306,30.6,4317.5,3,True,7815,7850,7850,306,7745,306,0.01,511.02937878205944,1.6700306496145734,True,100.3666886167755,153,5725,5725,0,-4.61416217381843,True,-4.61416217381843,1.6997363161310002,5725,0,0.5716243791900267,0.0,0.5540434583658769,0.5888181726977616,0.5716243791900267,5725,175.79,390790959,149633464343,0.0,DONE
protease,2024_t0.03,,2024,175787678944,0.03,306,9.18,3449.4,5,False,1450527,1491910,1491910,306,133040,58,,,,,,,,,,,,,,,,,,,,,,175.79,390790959,149633464343,,FAILED:03_weights
protease,2024_t0.04,,2024,175787678944,0.04,306,12.24,3202.2,5,False,1158327,1155917,1155917,306,107819,95,,,,,,,,,,,,,,,,,,,,,,175.79,390790959,149633464343,,FAILED:03_weights
protease,2024_t0.05,,2024,175787678944,0.05,306,15.3,3479.9,5,False,510956,506817,506817,306,140915,117,,,,,,,,,,,,,,,,,,,,,,175.79,390790959,149633464343,,FAILED:03_weights
protease,2024_t0.1,flynn_fitness,2024,175787678944,0.1,306,30.6,1728.5,3,True,7815,7850,7850,306,7745,306,0.01,511.02937878205944,1.6700306496145734,True,100.3666886167755,153,5725,5725,0,-4.61416217381843,True,-4.61416217381843,1.6997363161310002,5725,0,0.5716243791900267,0.0,0.5540434583658769,0.5888181726977616,0.5716243791900267,5725,175.79,390790959,149633464343,0.0,DONE
protease,2024_t0.3,flynn_fitness,2024,175787678944,0.3,306,91.8,1732.6,3,True,7794,7824,7824,306,7745,306,0.01,509.50840072737543,1.6650601330959982,True,100.86071738036952,153,5725,5725,0,-4.615007659269239,True,-4.615007659269239,1.6986295273111685,5725,0,0.5715388166108505,0.0,0.5539563708367434,0.5886497723830925,0.5715388166108505,5725,175.79,390790959,149633464343,0.0,DONE
protease,2024_t0.5,flynn_fitness,2024,175787678944,0.5,306,153.0,1733.6,3,True,7785,7788,7788,306,7747,306,0.01,508.61255173206405,1.6621325220002092,True,99.05267646760942,150,5725,5725,0,-4.6396984097019915,True,-4.6396984097019915,1.7007457850604837,5725,0,0.5710359118252204,0.0,0.5535973339259067,0.5881213352874022,0.5710359118252204,5725,175.79,390790959,149633464343,0.0,DONE
protease,2025_t0.03,,2025,205602905135,0.03,306,9.18,4043.3,5,False,1672887,1703915,1703915,306,148217,45,,,,,,,,,,,,,,,,,,,,,,205.6,453950711,175061448847,,FAILED:03_weights
protease,2025_t0.04,,2025,205602905135,0.04,306,12.24,3799.9,5,False,1358561,1376420,1376420,306,91323,99,,,,,,,,,,,,,,,,,,,,,,205.6,453950711,175061448847,,FAILED:03_weights
protease,2025_t0.05,,2025,205602905135,0.05,306,15.3,4009.6,5,False,587121,581353,581353,306,157641,114,,,,,,,,,,,,,,,,,,,,,,205.6,453950711,175061448847,,FAILED:03_weights
protease,2025_t0.1,flynn_fitness,2025,205602905135,0.1,306,30.6,2018.9,3,True,7930,7965,7965,306,7859,305,0.01,539.6714947795014,1.7694147369819717,True,110.45412649264216,167,5725,5706,19,-4.633843086275992,True,-4.633843086275992,1.7263820382597803,5725,0,0.5717669919674423,0.0,0.5540142317329079,0.5890619317558227,0.572502266818808,5706,205.6,453950711,175061448847,0.0033,DONE
protease,2025_t0.3,flynn_fitness,2025,205602905135,0.3,306,91.8,2025.9,3,True,7909,7939,7939,306,7859,306,0.01,541.3139080740574,1.768999699588423,True,110.57804664604751,167,5725,5725,0,-4.638932582784455,True,-4.638932582784455,1.725110457550746,5725,0,0.5718811338807893,0.0,0.5542280545645616,0.5891988832484544,0.5718811338807893,5725,205.6,453950711,175061448847,0.0,DONE
protease,2025_t0.5,flynn_fitness,2025,205602905135,0.5,306,153.0,2018.6,3,True,7899,7902,7902,306,7861,306,0.01,541.2343658591723,1.7687397577097133,True,108.3493493673564,167,5725,5725,0,-4.662216639178291,True,-4.662216639178291,1.7298210501629456,5725,0,0.5702892980161665,0.0,0.5528074022302677,0.5874006451087285,0.5702892980161665,5725,205.6,453950711,175061448847,0.0,DONE
protease,2026,flynn_fitness,2026,218561697876,0.1,306,30.6,5020.4,3,True,7749,7785,7785,306,7679,306,0.01,501.58800875524076,1.6391764992001332,True,104.36196852635955,152,5725,5725,0,-4.62636418435627,True,-4.62636418435627,1.6685384189195636,5725,0,0.5666141207536946,0.0,0.5488310362213861,0.5840935133236053,0.5666141207536946,5725,218.56,475217233,186451559337,0.0,DONE
protease,2026_t0.03,,2026,218561697876,0.03,306,9.18,4282.3,5,False,1742353,1766956,1766956,306,141790,91,,,,,,,,,,,,,,,,,,,,,,218.56,475217233,186451559337,,FAILED:03_weights
protease,2026_t0.04,flynn_fitness,2026,218561697876,0.04,306,12.24,3997.9,5,False,1351782,1346958,1346958,306,32046,123,0.01,14307.120967736893,116.31805664826743,True,5253.923893118103,10772,5725,2308,3417,-2.549618723547844,True,-2.549618723547844,2.867437396211871,5725,0,0.11985470197953178,9.075626315229325e-20,0.09411522782499872,0.14574097521529966,0.18285227249137653,2308,218.56,475217233,186451559337,0.5969,DONE
protease,2026_t0.05,flynn_fitness,2026,218561697876,0.05,306,15.3,3650.9,5,False,593134,583076,583076,306,13357,24,0.01,2142.0,89.25,True,807.4523939897529,1397,5725,455,5270,-2.6007692053180897,True,-2.6007692053180897,2.2431525618267707,5725,0,0.04821597561557324,0.0002627241615700214,0.020959593544510095,0.0750179309423503,0.20166426235508123,455,218.56,475217233,186451559337,0.9205,DONE
protease,2026_t0.1,flynn_fitness,2026,218561697876,0.1,306,30.6,2145.1,3,True,7749,7785,7785,306,7679,306,0.01,501.58800875524076,1.6391764992001332,True,104.36196852635955,152,5725,5725,0,-4.62636418435627,True,-4.62636418435627,1.6685384189195636,5725,0,0.5666141207536946,0.0,0.5488310362213861,0.5840935133236053,0.5666141207536946,5725,218.56,475217233,186451559337,0.0,DONE
protease,2026_t0.3,flynn_fitness,2026,218561697876,0.3,306,91.8,2154.6,3,True,7729,7759,7759,306,7679,306,0.01,501.27338152950824,1.6381483056519877,True,104.37390598304238,152,5725,5725,0,-4.627871693252965,True,-4.627871693252965,1.6692022736283822,5725,0,0.5669892786407004,0.0,0.549327712737714,0.5845729913043693,0.5669892786407004,5725,218.56,475217233,186451559337,0.0,DONE
protease,2026_t0.5,flynn_fitness,2026,218561697876,0.5,306,153.0,2144.7,3,True,7719,7722,7722,306,7681,306,0.01,500.3362224652967,1.635085694331035,True,103.5362310217258,152,5725,5725,0,-4.650526619889699,True,-4.650526619889699,1.6722660781633547,5725,0,0.5652300210502024,0.0,0.5476342375157965,0.5824596376844322,0.5652300210502024,5725,218.56,475217233,186451559337,0.0,DONE
spike,2010,starr_binding,2010,4079792296,0.3,1273,381.9,275.5,5,False,549,553,553,1273,451,844,0.01,212.6619201899108,0.2519690997510792,False,1.0,157,3802,2548,1254,-1.6904406601451907,True,-1.690440660145191,1.8073322943234398,3802,0,0.17495952679056165,1.6294557261374532e-27,0.14171339882107617,0.20828640817964422,0.20311961620529276,2548,4.08,9808438,3413904443,0.3298,DONE
spike,2010,starr_expression,2010,4079792296,0.3,1273,381.9,275.5,5,False,549,553,553,1273,451,844,0.01,212.6619201899108,0.2519690997510792,False,1.0,157,3798,2544,1254,-1.689500798261542,True,-1.689500798261542,1.8078618073324506,3798,0,0.24786454931709534,2.8316429404232593e-54,0.21612288579905808,0.27897087707070567,0.28815380687173847,2544,4.08,9808438,3413904443,0.3302,DONE
spike,2010_t0.1,starr_binding,2010,4079792296,0.1,1273,127.30000000000001,244.3,5,False,1241,1391,1391,1273,438,281,0.01,209.09550183046525,0.7441121061582393,False,1.0,151,3802,3142,660,-1.8643340804523536,True,-1.864334080452354,1.6058730713312455,3802,0,0.12411844192990171,1.5861023261741382e-14,0.09277061239516336,0.1563233578357468,0.12855112043472058,3142,4.08,9808438,3413904443,0.1736,DONE
spike,2010_t0.1,starr_expression,2010,4079792296,0.1,1273,127.30000000000001,244.3,5,False,1241,1391,1391,1273,438,281,0.01,209.09550183046525,0.7441121061582393,False,1.0,151,3798,3138,660,-1.8633614898792838,True,-1.863361489879284,1.6049638039384762,3798,0,0.19805566480315515,6.726380176944091e-35,0.16647344640488854,0.22921149550410946,0.2161816351240957,3138,4.08,9808438,3413904443,0.1738,DONE
spike,2010_t0.2,starr_binding,2010,4079792296,0.2,1273,254.60000000000002,231.1,5,False,564,568,568,1273,451,860,0.01,212.7950358596573,0.24743608820890384,False,1.0,156,3802,2776,1026,-1.8275393068288939,True,-1.8275393068288934,1.786073267281358,3802,0,0.12235133862100438,3.726403207318946e-14,0.08975575850205562,0.15541022136191274,0.14575454118596423,2776,4.08,9808438,3413904443,0.2699,DONE
spike,2010_t0.2,starr_expression,2010,4079792296,0.2,1273,254.60000000000002,231.1,5,False,564,568,568,1273,451,860,0.01,212.7950358596573,0.24743608820890384,False,1.0,156,3798,2772,1026,-1.8265926332616698,True,-1.8265926332616698,1.7853037642851137,3798,0,0.22070135070474894,4.026927615817596e-43,0.1890132950295454,0.252004183769357,0.25443511340792224,2772,4.08,9808438,3413904443,0.2701,DONE
spike,2010_t0.4,starr_binding,2010,4079792296,0.4,1273,509.20000000000005,234.8,5,False,545,546,546,1273,451,883,0.01,215.55832816239356,0.24412041694495307,False,1.0,158,3802,3194,608,-1.8342465238251648,True,-1.8342465238251648,1.7936188959228163,3802,0,0.12735778340785245,3.2099475042978918e-15,0.09502029208039778,0.15987808660376612,0.14254625731122703,3194,4.08,9808438,3413904443,0.1599,DONE
spike,2010_t0.4,starr_expression,2010,4079792296,0.4,1273,509.20000000000005,234.8,5,False,545,546,546,1273,451,883,0.01,215.55832816239356,0.24412041694495307,False,1.0,158,3798,3190,608,-1.8332818682938956,True,-1.8332818682938956,1.793615898308502,3798,0,0.22976484653362286,1.1023650549174139e-46,0.19855057714420246,0.26084538836077475,0.24987967608537093,3190,4.08,9808438,3413904443,0.1601,DONE
spike,2010_t0.5,starr_binding,2010,4079792296,0.5,1273,636.5,202.0,5,False,236,237,237,1273,226,1210,0.01,66.72521397124615,0.05514480493491417,False,1.0,39,3802,3764,38,-1.955877428867522,True,-1.955877428867522,1.4439300302186426,3802,0,0.21943923657710948,1.1105826532936744e-42,0.1880594036866674,0.25055810489352404,0.22178177180221328,3764,4.08,9808438,3413904443,0.01,DONE
spike,2010_t0.5,starr_expression,2010,4079792296,0.5,1273,636.5,202.0,5,False,236,237,237,1273,226,1210,0.01,66.72521397124615,0.05514480493491417,False,1.0,39,3798,3760,38,-1.9572640282297586,True,-1.9572640282297586,1.4440173534448797,3798,0,0.33838610030828703,2.1930911080495198e-102,0.30880801577756234,0.366998533570986,0.3376658516937853,3760,4.08,9808438,3413904443,0.01,DONE
spike,2011,starr_binding,2011,4885039979,0.3,1273,381.9,308.5,5,False,593,583,583,1273,494,837,0.01,223.9779932969036,0.2675961688135049,False,1.0,165,3802,2306,1496,-1.7666128606110054,True,-1.7666128606110052,1.7416661450292736,3802,0,0.15902571128523593,5.891883122276269e-23,0.1265363916699264,0.19174294888124382,0.20134014643253165,2306,4.89,11659891,4093709742,0.3935,DONE
spike,2011,starr_expression,2011,4885039979,0.3,1273,381.9,308.5,5,False,593,583,583,1273,494,837,0.01,223.9779932969036,0.2675961688135049,False,1.0,165,3798,2302,1496,-1.7657143991683608,True,-1.765714399168361,1.7421157387616224,3798,0,0.22358182818893166,3.088563785880936e-44,0.1915007990184997,0.2562584178436791,0.2913862522912731,2302,4.89,11659891,4093709742,0.3939,DONE
spike,2011_t0.1,starr_binding,2011,4885039979,0.1,1273,127.30000000000001,476.3,5,False,1544,1692,1692,1273,491,281,0.01,224.6534772659762,0.7994785667828335,False,1.0,161,3802,3085,717,-1.9540063185395942,True,-1.9540063185395942,1.621039757307357,3802,0,0.12326809606681195,2.3960893716456935e-14,0.09147666513486041,0.1559638786094812,0.13480340610761166,3085,4.89,11659891,4093709742,0.1886,DONE
spike,2011_t0.1,starr_expression,2011,4885039979,0.1,1273,127.30000000000001,476.3,5,False,1544,1692,1692,1273,491,281,0.01,224.6534772659762,0.7994785667828335,False,1.0,161,3798,3081,717,-1.9531741993964504,True,-1.9531741993964502,1.6202688776912897,3798,0,0.23501004393693942,8.098379190584465e-49,0.2039994378419894,0.2665313756070293,0.25991301931736754,3081,4.89,11659891,4093709742,0.1888,DONE
spike,2011_t0.2,starr_binding,2011,4885039979,0.2,1273,254.60000000000002,474.3,5,True,609,599,599,1273,494,817,0.01,219.22847937457897,0.26833351208638795,False,1.0,160,3802,1926,1876,-1.7621538809332333,True,-1.7621538809332333,1.742246498099462,3802,0,0.04974226949444765,0.0021548442563552703,0.016766898882842267,0.08321777465252814,0.07077098484988968,1926,4.89,11659891,4093709742,0.4934,DONE
spike,2011_t0.2,starr_expression,2011,4885039979,0.2,1273,254.60000000000002,474.3,5,True,609,599,599,1273,494,817,0.01,219.22847937457897,0.26833351208638795,False,1.0,160,3798,1922,1876,-1.7605862239878005,True,-1.7605862239878005,1.741156732620735,3798,0,0.1375219980519282,1.6966703583213595e-17,0.10557804681433836,0.17031180071555255,0.2000116319864444,1922,4.89,11659891,4093709742,0.4939,DONE
spike,2011_t0.4,starr_binding,2011,4885039979,0.4,1273,509.20000000000005,464.3,5,False,579,580,580,1273,492,885,0.01,230.07161721561596,0.2599679290571932,False,1.0,169,3802,3194,608,-1.8901527339232373,True,-1.8901527339232373,1.78977540798617,3802,0,0.16784447818216167,2.0106133206184151e-25,0.13616024311568145,0.1999551585750906,0.18795470081210533,3194,4.89,11659891,4093709742,0.1599,DONE
spike,2011_t0.4,starr_expression,2011,4885039979,0.4,1273,509.20000000000005,464.3,5,False,579,580,580,1273,492,885,0.01,230.07161721561596,0.2599679290571932,False,1.0,169,3798,3190,608,-1.8896663575256754,True,-1.8896663575256754,1.7901677005487977,3798,0,0.25510904655629807,1.7110011952614575e-57,0.22391066069533516,0.2859711617891778,0.28076119047093373,3190,4.89,11659891,4093709742,0.1601,DONE
spike,2011_t0.5,starr_binding,2011,4885039979,0.5,1273,636.5,403.1,5,False,267,266,266,1273,255,1216,0.01,74.8938024752956,0.06159029808823652,False,1.0,44,3802,3764,38,-2.1310519016739016,True,-2.1310519016739016,1.4770832196271895,3802,0,0.2146758235397798,7.009357122733152e-41,0.1834839310579113,0.2458069272766011,0.21732143571474066,3764,4.89,11659891,4093709742,0.01,DONE
spike,2011_t0.5,starr_expression,2011,4885039979,0.5,1273,636.5,403.1,5,False,267,266,266,1273,255,1216,0.01,74.8938024752956,0.06159029808823652,False,1.0,44,3798,3760,38,-2.1324788052675054,True,-2.1324788052675054,1.4770957655914998,3798,0,0.34330641951637114,1.6090703567061177e-105,0.31426527099304624,0.37188500405999664,0.34183575305365166,3760,4.89,11659891,4093709742,0.01,DONE
spike,2012,starr_binding,2012,6617777514,0.3,1273,381.9,421.8,5,True,694,698,698,1273,606,875,0.01,296.1969820794876,0.33851083666227155,False,1.0,220,3802,3156,646,-1.8464648760287605,True,-1.8464648760287605,1.8896253061377484,3802,0,0.15419781842715188,1.1549601374459074e-21,0.12257237262163279,0.1862655134526172,0.16806712672403856,3156,6.62,15688962,5566407792,0.1699,DONE
spike,2012,starr_expression,2012,6617777514,0.3,1273,381.9,421.8,5,True,694,698,698,1273,606,875,0.01,296.1969820794876,0.33851083666227155,False,1.0,220,3798,3152,646,-1.8463273774637912,True,-1.8463273774637916,1.8900312427606814,3798,0,0.24036242192902066,4.740279789074562e-51,0.20962681788493526,0.27097863146074963,0.2624351629677047,3152,6.62,15688962,5566407792,0.1701,DONE
spike,2012_t0.1,starr_binding,2012,6617777514,0.1,1273,127.30000000000001,614.9,5,False,1780,1776,1776,1273,606,284,0.01,289.6665687734905,1.0199527069489103,True,1.0,214,3802,3137,665,-1.9814573240567401,True,-1.9814573240567401,1.8398945721829962,3802,0,0.1377784620702568,1.4210747292859928e-17,0.10702411010017032,0.16961885173163252,0.1510073628953283,3137,6.62,15688962,5566407792,0.1749,DONE
spike,2012_t0.1,starr_expression,2012,6617777514,0.1,1273,127.30000000000001,614.9,5,False,1780,1776,1776,1273,606,284,0.01,289.6665687734905,1.0199527069489103,True,1.0,214,3798,3133,665,-1.9800669581483261,True,-1.9800669581483261,1.8393834258273927,3798,0,0.2264936718078868,2.2196872950291502e-45,0.19539426605644658,0.2568382211398044,0.2513768800715603,3133,6.62,15688962,5566407792,0.1751,DONE
spike,2012_t0.2,starr_binding,2012,6617777514,0.2,1273,254.60000000000002,638.8,5,False,714,717,717,1273,606,880,0.01,292.42739748468796,0.3323038607780545,False,1.0,217,3802,3137,665,-1.957535478687414,True,-1.957535478687414,1.8448533789999562,3802,0,0.13200770005601223,3.0142838044680273e-16,0.10063552645661106,0.16406645430837918,0.14795799770656695,3137,6.62,15688962,5566407792,0.1749,DONE
spike,2012_t0.2,starr_expression,2012,6617777514,0.2,1273,254.60000000000002,638.8,5,False,714,717,717,1273,606,880,0.01,292.42739748468796,0.3323038607780545,False,1.0,217,3798,3133,665,-1.9561151746826457,True,-1.9561151746826457,1.8443289601782593,3798,0,0.20933249587080066,7.13077394066941e-39,0.17773383539174703,0.23987534759737733,0.22961460987854948,3133,6.62,15688962,5566407792,0.1751,DONE
spike,2012_t0.4,starr_binding,2012,6617777514,0.4,1273,509.20000000000005,617.7,5,False,690,691,691,1273,603,854,0.01,294.7557311550274,0.34514722617684707,False,1.0,220,3802,2534,1268,-1.7273927518904062,True,-1.7273927518904062,1.9133782077377481,3802,0,0.18553472298466406,8.61919695252188e-31,0.15259502919780862,0.21830400129579994,0.2149535442684583,2534,6.62,15688962,5566407792,0.3335,DONE
spike,2012_t0.4,starr_expression,2012,6617777514,0.4,1273,509.20000000000005,617.7,5,False,690,691,691,1273,603,854,0.01,294.7557311550274,0.34514722617684707,False,1.0,220,3798,2530,1268,-1.7266971278179302,True,-1.7266971278179302,1.9135447489248476,3798,0,0.2590658065488777,2.6973331569471028e-59,0.22719646267518007,0.29021997858609605,0.30083766318803,2530,6.62,15688962,5566407792,0.3339,DONE
spike,2012_t0.5,starr_binding,2012,6617777514,0.5,1273,636.5,566.5,5,True,276,274,274,1273,263,1219,0.01,75.78528520847291,0.062170045289969576,False,1.0,44,3802,3783,19,-2.122870806969573,True,-2.122870806969573,1.4459715314938666,3802,0,0.2339795868624861,1.9173277439896903e-48,0.2031540657139705,0.2651424714307701,0.23318247494846892,3783,6.62,15688962,5566407792,0.005,DONE
spike,2012_t0.5,starr_expression,2012,6617777514,0.5,1273,636.5,566.5,5,True,276,274,274,1273,263,1219,0.01,75.78528520847291,0.062170045289969576,False,1.0,44,3798,3779,19,-2.123821598452511,True,-2.1238215984525106,1.445944597481881,3798,0,0.3493762011731556,1.8234506593665827e-109,0.32028580734356615,0.37734021282218955,0.3487683521959824,3779,6.62,15688962,5566407792,0.005,DONE
spike,2013,starr_binding,2013,8577285583,0.3,1273,381.9,544.2,5,False,868,874,874,1273,767,872,0.01,327.4732003006732,0.37554266089526744,False,1.0,234,3802,3175,627,-1.8102996381283005,True,-1.8102996381283007,1.892984649371986,3802,0,0.1480063425240866,4.571031898344305e-20,0.11630904683869783,0.1795923012395737,0.15682497532084222,3175,8.58,20491136,7223080691,0.1649,DONE
spike,2013,starr_expression,2013,8577285583,0.3,1273,381.9,544.2,5,False,868,874,874,1273,767,872,0.01,327.4732003006732,0.37554266089526744,False,1.0,234,3798,3171,627,-1.8101679060883622,True,-1.8101679060883622,1.8934778486984045,3798,0,0.23546104937675494,5.277469502692374e-49,0.20474836340424818,0.2665125447484587,0.25200879362077416,3171,8.58,20491136,7223080691,0.1651,DONE
spike,2013_t0.1,starr_binding,2013,8577285583,0.1,1273,127.30000000000001,825.7,5,False,2369,2369,2369,1273,767,283,0.01,333.15034017010055,1.1772096825798606,True,1.0,237,3802,3137,665,-1.9621038195146667,True,-1.962103819514667,1.880212396091084,3802,0,0.13547725666324692,4.8807249278116794e-17,0.10386959788186677,0.16742956402742454,0.14743010770069412,3137,8.58,20491136,7223080691,0.1749,DONE
spike,2013_t0.1,starr_expression,2013,8577285583,0.1,1273,127.30000000000001,825.7,5,False,2369,2369,2369,1273,767,283,0.01,333.15034017010055,1.1772096825798606,True,1.0,237,3798,3133,665,-1.9607052865743884,True,-1.9607052865743884,1.8796526820104398,3798,0,0.22707404982277746,1.3074936462491295e-45,0.19556802824249805,0.257426581565016,0.24918921552751305,3133,8.58,20491136,7223080691,0.1751,DONE
spike,2013_t0.2,starr_binding,2013,8577285583,0.2,1273,254.60000000000002,815.1,5,False,1065,1070,1070,1273,767,820,0.01,314.13570618253516,0.38309232461284776,False,1.0,216,3802,2192,1610,-1.727316767039445,True,-1.727316767039445,1.9037148620321704,3802,0,0.11561369355787814,8.650882120283892e-13,0.0828078735344209,0.14911321232104566,0.15611796576717854,2192,8.58,20491136,7223080691,0.4235,DONE
spike,2013_t0.2,starr_expression,2013,8577285583,0.2,1273,254.60000000000002,815.1,5,False,1065,1070,1070,1273,767,820,0.01,314.13570618253516,0.38309232461284776,False,1.0,216,3798,2188,1610,-1.7248875896114906,True,-1.7248875896114906,1.902836772521865,3798,0,0.18763332363671392,1.9610696083433683e-31,0.15575595161309225,0.21915879432777666,0.2575433953499104,2188,8.58,20491136,7223080691,0.4239,DONE
spike,2013_t0.4,starr_binding,2013,8577285583,0.4,1273,509.20000000000005,799.1,5,False,858,859,859,1273,767,879,0.01,330.2650810663955,0.3757281923394716,False,1.0,233,3802,3175,627,-1.8533807967266567,True,-1.8533807967266567,1.8873265106574615,3802,0,0.15310643746742794,2.2337020808435465e-21,0.12129989441117936,0.18495723468549496,0.1637393283557484,3175,8.58,20491136,7223080691,0.1649,DONE
spike,2013_t0.4,starr_expression,2013,8577285583,0.4,1273,509.20000000000005,799.1,5,False,858,859,859,1273,767,879,0.01,330.2650810663955,0.3757281923394716,False,1.0,233,3798,3171,627,-1.8532799385898093,True,-1.85327993858981,1.8878122034894307,3798,0,0.23739814579919408,8.301684805476359e-50,0.20668967383246697,0.268396100358123,0.25758754446842236,3171,8.58,20491136,7223080691,0.1651,DONE
spike,2013_t0.5,starr_binding,2013,8577285583,0.5,1273,636.5,719.7,5,True,295,293,293,1273,282,1219,0.01,79.99237973383687,0.06562131233292606,False,1.0,46,3802,3783,19,-2.1168989131039937,True,-2.1168989131039937,1.47913580674506,3802,0,0.23172216946654986,1.5998343910113172e-47,0.20119392259213018,0.2628399969687843,0.23081744773421536,3783,8.58,20491136,7223080691,0.005,DONE
spike,2013_t0.5,starr_expression,2013,8577285583,0.5,1273,636.5,719.7,5,True,295,293,293,1273,282,1219,0.01,79.99237973383687,0.06562131233292606,False,1.0,46,3798,3779,19,-2.118083337232569,True,-2.118083337232569,1.4789833322156425,3798,0,0.3552659351723074,2.2277233421080082e-113,0.3261609580028428,0.3835134489992064,0.3546899180467111,3779,8.58,20491136,7223080691,0.005,DONE
spike,2014,starr_binding,2014,14387857648,0.3,1273,381.9,893.6,5,True,1101,1107,1107,1273,1000,872,0.01,391.6762157197928,0.44916997215572574,False,1.0,270,3802,3175,627,-1.9476050221510752,True,-1.947605022151075,1.9598304317470805,3802,0,0.13644347310695953,2.914737496477984e-17,0.10522418083507834,0.16905113707068972,0.14928421254931926,3175,14.39,33613081,12161501052,0.1649,DONE
spike,2014,starr_expression,2014,14387857648,0.3,1273,381.9,893.6,5,True,1101,1107,1107,1273,1000,872,0.01,391.6762157197928,0.44916997215572574,False,1.0,270,3798,3171,627,-1.9467469816433929,True,-1.9467469816433929,1.959816746814416,3798,0,0.2232196103541161,4.2742887866533737e-44,0.19261153251502716,0.25411074459071004,0.24795214333557342,3171,14.39,33613081,12161501052,0.1651,DONE
spike,2014_t0.1,starr_binding,2014,14387857648,0.1,1273,127.30000000000001,826.3,5,False,2881,2877,2877,1273,1000,282,0.01,395.92488179138127,1.4039889425226286,True,1.0,270,3802,3137,665,-2.1288418466770773,True,-2.128841846677077,1.9266511901377688,3802,0,0.14166287223029847,1.6878325259625216e-18,0.11024984038459838,0.1736861278197864,0.15364782845150707,3137,14.39,33613081,12161501052,0.1749,DONE
spike,2014_t0.1,starr_expression,2014,14387857648,0.1,1273,127.30000000000001,826.3,5,False,2881,2877,2877,1273,1000,282,0.01,395.92488179138127,1.4039889425226286,True,1.0,270,3798,3133,665,-2.1277523282455992,True,-2.1277523282455992,1.92649507257914,3798,0,0.21387081292591292,1.5365663611473779e-40,0.18295700692583164,0.24387560674007416,0.23767244184263855,3133,14.39,33613081,12161501052,0.1751,DONE
spike,2014_t0.2,starr_binding,2014,14387857648,0.2,1273,254.60000000000002,838.5,5,False,1308,1305,1305,1273,1000,860,0.01,382.6224138003321,0.44490978348875826,False,1.0,261,3802,2928,874,-1.9912501717080069,True,-1.9912501717080069,1.934445300165445,3802,0,0.14199844681470622,1.4001290772191591e-18,0.11050929870426338,0.1748538120795517,0.15783649777042713,2928,14.39,33613081,12161501052,0.2299,DONE
spike,2014_t0.2,starr_expression,2014,14387857648,0.2,1273,254.60000000000002,838.5,5,False,1308,1305,1305,1273,1000,860,0.01,382.6224138003321,0.44490978348875826,False,1.0,261,3798,2924,874,-1.9899295769202012,True,-1.9899295769202012,1.934250743267301,3798,0,0.21780741627289052,5.122838349099958e-42,0.18624479708717065,0.24862751789237114,0.24555798544785826,2924,14.39,33613081,12161501052,0.2301,DONE
spike,2014_t0.4,starr_binding,2014,14387857648,0.4,1273,509.20000000000005,810.3,5,True,1092,1093,1093,1273,1000,872,0.01,388.54184106464754,0.44557550580808203,False,1.0,266,3802,3175,627,-2.044439609497459,True,-2.044439609497459,1.9230407025232101,3802,0,0.13557501325444027,4.633466135638682e-17,0.10467811522338859,0.16822011983262716,0.14875375649169084,3175,14.39,33613081,12161501052,0.1649,DONE
spike,2014_t0.4,starr_expression,2014,14387857648,0.4,1273,509.20000000000005,810.3,5,True,1092,1093,1093,1273,1000,872,0.01,388.54184106464754,0.44557550580808203,False,1.0,266,3798,3171,627,-2.0437150080105106,True,-2.04371500801051,1.922934387590841,3798,0,0.20259960487969164,1.7973783553714232e-36,0.17114314333591568,0.23362799348425983,0.22783790697354775,3171,14.39,33613081,12161501052,0.1651,DONE
spike,2014_t0.5,starr_binding,2014,14387857648,0.5,1273,636.5,740.2,5,False,809,752,752,1273,461,1162,0.01,161.10725210535082,0.1386465164417821,False,1.0,105,3802,3631,171,-2.3566431547563518,True,-2.3566431547563518,1.5568285340336476,3802,0,0.21900154979081932,1.632114491794918e-42,0.1887518353804379,0.24966536275168283,0.21745454494063693,3631,14.39,33613081,12161501052,0.045,DONE
spike,2014_t0.5,starr_expression,2014,14387857648,0.5,1273,636.5,740.2,5,False,809,752,752,1273,461,1162,0.01,161.10725210535082,0.1386465164417821,False,1.0,105,3798,3627,171,-2.3585609116025363,True,-2.3585609116025363,1.5558923987677966,3798,0,0.3329739526937285,5.290104460083416e-99,0.3040463669868979,0.3617918830828562,0.330772313276793,3627,14.39,33613081,12161501052,0.045,DONE
spike,2015,starr_binding,2015,21849375177,0.3,1273,381.9,1349.0,5,True,1395,1400,1400,1273,1287,873,0.01,452.4244375149561,0.5182410509907859,False,1.0,313,3802,3175,627,-1.9730572792649335,True,-1.9730572792649335,1.9810151659528155,3802,0,0.10471233681117588,9.653734057163286e-11,0.07334777964510024,0.13736483603722588,0.1142546271442309,3175,21.85,50371270,18451816119,0.1649,DONE
spike,2015,starr_expression,2015,21849375177,0.3,1273,381.9,1349.0,5,True,1395,1400,1400,1273,1287,873,0.01,452.4244375149561,0.5182410509907859,False,1.0,313,3798,3171,627,-1.971693590238445,True,-1.9716935902384451,1.9804086481028345,3798,0,0.18118415254428957,2.1733587224196936e-29,0.14981896404029207,0.21142297419503472,0.19666533863794397,3171,21.85,50371270,18451816119,0.1651,DONE
spike,2015_t0.1,starr_binding,2015,21849375177,0.1,1273,127.30000000000001,2057.1,5,False,3358,3358,3358,1273,1286,280,0.01,432.9573286922637,1.5462761739009416,True,1.0,304,3802,3137,665,-2.114771629382193,True,-2.114771629382193,1.926427829824704,3802,0,0.12032277994522628,9.785662862969686e-14,0.0882690045730591,0.15235468728091492,0.13034674284952721,3137,21.85,50371270,18451816119,0.1749,DONE
spike,2015_t0.1,starr_expression,2015,21849375177,0.1,1273,127.30000000000001,2057.1,5,False,3358,3358,3358,1273,1286,280,0.01,432.9573286922637,1.5462761739009416,True,1.0,304,3798,3133,665,-2.113749849873505,True,-2.113749849873505,1.9261915617570096,3798,0,0.2201013027575474,6.843885284578645e-43,0.18913329453705316,0.25049027244300454,0.24275629170793597,3133,21.85,50371270,18451816119,0.1751,DONE
spike,2015_t0.2,starr_binding,2015,21849375177,0.2,1273,254.60000000000002,2078.2,5,False,1609,1608,1608,1273,1287,818,0.01,415.4477322939631,0.5078823133178033,False,1.0,282,3802,2173,1629,-1.8314003443095819,True,-1.8314003443095814,1.971396855789125,3802,0,0.10899215586201659,1.6017581976876182e-11,0.07595313743661908,0.14271330473765767,0.14779524791384663,2173,21.85,50371270,18451816119,0.4285,DONE
spike,2015_t0.2,starr_expression,2015,21849375177,0.2,1273,254.60000000000002,2078.2,5,False,1609,1608,1608,1273,1287,818,0.01,415.4477322939631,0.5078823133178033,False,1.0,282,3798,2169,1629,-1.8290548961946549,True,-1.8290548961946549,1.970584561168196,3798,0,0.18056553755126115,3.382950464291348e-29,0.14855625845668063,0.21178086464577137,0.2486756955544002,2169,21.85,50371270,18451816119,0.4289,DONE
spike,2015_t0.4,starr_binding,2015,21849375177,0.4,1273,509.20000000000005,2004.0,5,True,1383,1384,1384,1273,1287,872,0.01,434.8045681437035,0.4986290919079168,False,1.0,295,3802,3175,627,-1.9936992259967663,True,-1.9936992259967663,1.9504233521605678,3802,0,0.11361535745155904,2.1250730346015923e-12,0.08196197308033336,0.14589347904778158,0.12392645181897195,3175,21.85,50371270,18451816119,0.1649,DONE
spike,2015_t0.4,starr_expression,2015,21849375177,0.4,1273,509.20000000000005,2004.0,5,True,1383,1384,1384,1273,1287,872,0.01,434.8045681437035,0.4986290919079168,False,1.0,295,3798,3171,627,-1.9924278897355423,True,-1.9924278897355427,1.9497975934815952,3798,0,0.17901669811690557,1.0171627967147957e-28,0.14759630312059285,0.20891089882165773,0.19594301331381855,3171,21.85,50371270,18451816119,0.1651,DONE
spike,2015_t0.5,starr_binding,2015,21849375177,0.5,1273,636.5,1812.6,5,False,960,857,857,1273,509,1126,0.01,175.72400652646152,0.15606039655991255,False,1.0,117,3802,2966,836,-2.510437790821064,True,-2.510437790821064,1.5721984250955499,3802,0,0.2019059654989365,2.8898695757251082e-36,0.17095948324932897,0.23348860757621195,0.2320460907811371,2966,21.85,50371270,18451816119,0.2199,DONE
spike,2015_t0.5,starr_expression,2015,21849375177,0.5,1273,636.5,1812.6,5,False,960,857,857,1273,509,1126,0.01,175.72400652646152,0.15606039655991255,False,1.0,117,3798,2963,835,-2.5115981662265017,True,-2.511598166226502,1.5719358922922826,3798,0,0.3037089652192595,7.219298409911586e-82,0.27321120929660586,0.33386519064618825,0.32543909714114627,2963,21.85,50371270,18451816119,0.2199,DONE
spike,2016,starr_binding,2016,31937028835,0.3,1273,381.9,1899.1,5,True,1778,1783,1783,1273,1665,829,0.01,501.1286932151577,0.6044978205249188,False,1.0,342,3802,2382,1420,-1.8229821247520201,True,-1.82298212475202,2.0161740895142986,3802,0,0.12847182039900687,1.8354519253305646e-15,0.0954127033935703,0.16172045938972085,0.17112082279122723,2382,31.94,72946704,26988983580,0.3735,DONE
spike,2016,starr_expression,2016,31937028835,0.3,1273,381.9,1899.1,5,True,1778,1783,1783,1273,1665,829,0.01,501.1286932151577,0.6044978205249188,False,1.0,342,3798,2378,1420,-1.82122293445475,True,-1.8212229344547504,2.015682511859512,3798,0,0.19131053696740352,1.238211006002158e-32,0.15942503866342533,0.22276133569932838,0.23816836769214772,2378,31.94,72946704,26988983580,0.3739,DONE
spike,2016_t0.1,starr_binding,2016,31937028835,0.1,1273,127.30000000000001,1745.9,5,False,3893,3888,3888,1273,1665,283,0.01,515.4808701354677,1.821487173623561,True,1.0,357,3802,3137,665,-2.1947981445298748,True,-2.1947981445298743,1.997480117400724,3802,0,0.11571877317491015,8.248021851623273e-13,0.08395160793019232,0.14741606608518482,0.12596564395935606,3137,31.94,72946704,26988983580,0.1749,DONE
spike,2016_t0.1,starr_expression,2016,31937028835,0.1,1273,127.30000000000001,1745.9,5,False,3893,3888,3888,1273,1665,283,0.01,515.4808701354677,1.821487173623561,True,1.0,357,3798,3133,665,-2.1937142531207066,True,-2.1937142531207066,1.9972362989609551,3798,0,0.21789650568975455,4.739631869407945e-42,0.18673462611152725,0.24768197996342478,0.23986486827697553,3133,31.94,72946704,26988983580,0.1751,DONE
spike,2016_t0.2,starr_binding,2016,31937028835,0.2,1273,254.60000000000002,1759.4,5,False,1999,2003,2003,1273,1665,807,0.01,490.72088826882754,0.6080804067767379,False,1.0,330,3802,2002,1800,-1.8312390514666215,True,-1.8312390514666215,2.0016133110104453,3802,0,0.06531225174167599,5.573984121715951e-05,0.03212301285130546,0.09867181529538074,0.10647804599460105,2002,31.94,72946704,26988983580,0.4734,DONE
spike,2016_t0.2,starr_expression,2016,31937028835,0.2,1273,254.60000000000002,1759.4,5,False,1999,2003,2003,1273,1665,807,0.01,490.72088826882754,0.6080804067767379,False,1.0,330,3798,1998,1800,-1.828503332189178,True,-1.8285033321891782,2.000452236080806,3798,0,0.11858868605914394,2.269929792007411e-13,0.08658950206124111,0.1500285512364596,0.19587374534695048,1998,31.94,72946704,26988983580,0.4739,DONE
spike,2016_t0.4,starr_binding,2016,31937028835,0.4,1273,509.20000000000005,1679.3,5,True,1764,1765,1765,1273,1665,829,0.01,491.89688182709995,0.59336173923655,False,1.0,332,3802,2382,1420,-1.8277379096483257,True,-1.8277379096483257,2.010255468128994,3802,0,0.12181480622118739,4.818038372326389e-14,0.08868765838709694,0.15512143677708704,0.15872638404948694,2382,31.94,72946704,26988983580,0.3735,DONE
spike,2016_t0.4,starr_expression,2016,31937028835,0.4,1273,509.20000000000005,1679.3,5,True,1764,1765,1765,1273,1665,829,0.01,491.89688182709995,0.59336173923655,False,1.0,332,3798,2378,1420,-1.8256921367831314,True,-1.8256921367831314,2.009438479810531,3798,0,0.18997645697167687,3.3954325466214844e-32,0.15789660846067202,0.22202737648624743,0.24070238362634097,2378,31.94,72946704,26988983580,0.3739,DONE
spike,2016_t0.5,starr_binding,2016,31937028835,0.5,1273,636.5,1533.4,5,False,1489,1044,1044,1273,680,1167,0.01,241.11073393103663,0.20660731270868607,False,1.0,169,3802,3593,209,-2.362230443428904,True,-2.362230443428904,1.708162269606391,3802,0,0.21355786531546017,1.8278682294758128e-40,0.18318822223222747,0.2442612273650274,0.22151659018349237,3593,31.94,72946704,26988983580,0.055,DONE
spike,2016_t0.5,starr_expression,2016,31937028835,0.5,1273,636.5,1533.4,5,False,1489,1044,1044,1273,680,1167,0.01,241.11073393103663,0.20660731270868607,False,1.0,169,3798,3589,209,-2.3628493483152018,True,-2.3628493483152018,1.7083130465273642,3798,0,0.3383176185527906,2.4226006662666096e-102,0.30919477783974514,0.36702589327442653,0.34076966994101343,3589,31.94,72946704,26988983580,0.055,DONE
spike,2017,starr_binding,2017,41916375057,0.3,1273,381.9,2492.4,5,True,2283,2284,2284,1273,2164,818,0.01,586.2829990533495,0.7167273827058063,False,1.0,408,3802,2211,1591,-1.814230713372502,True,-1.8142307133725017,2.101394387352779,3802,0,0.11616516612440085,6.732252406826218e-13,0.08202386767805249,0.14947904487504166,0.17084705098621294,2211,41.92,94756963,35456772061,0.4185,DONE
spike,2017,starr_expression,2017,41916375057,0.3,1273,381.9,2492.4,5,True,2283,2284,2284,1273,2164,818,0.01,586.2829990533495,0.7167273827058063,False,1.0,408,3798,2207,1591,-1.8122088443684956,True,-1.8122088443684958,2.100825069350336,3798,0,0.19893230077325166,3.367110937960669e-35,0.16698995848367879,0.2307394196082823,0.2711950767799481,2207,41.92,94756963,35456772061,0.4189,DONE
spike,2017_t0.1,starr_binding,2017,41916375057,0.1,1273,127.30000000000001,3302.8,5,False,4772,4972,4972,1273,2154,281,0.01,600.1419985455651,2.1357366496283454,True,1.0,419,3802,3137,665,-2.2307417527040156,True,-2.230741752704015,1.994128428168263,3802,0,0.1124560419880991,3.5540579990015376e-12,0.08063970044767894,0.14460319083251416,0.122732438184518,3137,41.92,94756963,35456772061,0.1749,DONE
spike,2017_t0.1,starr_expression,2017,41916375057,0.1,1273,127.30000000000001,3302.8,5,False,4772,4972,4972,1273,2154,281,0.01,600.1419985455651,2.1357366496283454,True,1.0,419,3798,3133,665,-2.2299787540930236,True,-2.229978754093023,1.9939927936696213,3798,0,0.2154994112990798,3.793497869903543e-41,0.18400937489279603,0.24522790058823993,0.2384378935525096,3133,41.92,94756963,35456772061,0.1751,DONE
spike,2017_t0.2,starr_binding,2017,41916375057,0.2,1273,254.60000000000002,3318.6,5,False,2502,2506,2506,1273,2164,807,0.01,580.3410255657258,0.7191338606762401,False,1.0,395,3802,2002,1800,-1.8577947016589913,True,-1.8577947016589913,2.0596234817979155,3802,0,0.06258071081194327,0.00011280136805242027,0.028745117741119028,0.09600780337770357,0.10193971978718433,2002,41.92,94756963,35456772061,0.4734,DONE
spike,2017_t0.2,starr_expression,2017,41916375057,0.2,1273,254.60000000000002,3318.6,5,False,2502,2506,2506,1273,2164,807,0.01,580.3410255657258,0.7191338606762401,False,1.0,395,3798,1998,1800,-1.8555909626736835,True,-1.8555909626736835,2.058839732756257,3798,0,0.12792517578964543,2.4984973674094644e-15,0.09626398699899798,0.16043747271037867,0.20962136535337053,1998,41.92,94756963,35456772061,0.4739,DONE
spike,2017_t0.4,starr_binding,2017,41916375057,0.4,1273,509.20000000000005,3167.6,5,False,2269,2270,2270,1273,2164,817,0.01,591.1678327546821,0.7235836386226219,False,1.0,406,3802,2211,1591,-1.858118289759372,True,-1.858118289759372,2.0636118150922997,3802,0,0.09281243419650505,9.846922445522648e-09,0.05821014114940741,0.12672337606086712,0.13916007589061166,2211,41.92,94756963,35456772061,0.4185,DONE
spike,2017_t0.4,starr_expression,2017,41916375057,0.4,1273,509.20000000000005,3167.6,5,False,2269,2270,2270,1273,2164,817,0.01,591.1678327546821,0.7235836386226219,False,1.0,406,3798,2207,1591,-1.8577989553032388,True,-1.8577989553032388,2.0637020154883676,3798,0,0.15100730677539087,8.210698820721455e-21,0.11825502743349947,0.18328510722153085,0.2090612960905231,2207,41.92,94756963,35456772061,0.4189,DONE
spike,2017_t0.5,starr_binding,2017,41916375057,0.5,1273,636.5,2906.4,5,False,1665,1207,1207,1273,798,1158,0.01,251.77155124303655,0.2174193015915687,False,1.0,171,3802,3403,399,-2.555480234726209,True,-2.555480234726209,1.7446671146197288,3802,0,0.22406894346285958,1.7973398592684307e-44,0.19317927326759207,0.25522422543885487,0.23421092424429044,3403,41.92,94756963,35456772061,0.1049,DONE
spike,2017_t0.5,starr_expression,2017,41916375057,0.5,1273,636.5,2906.4,5,False,1665,1207,1207,1273,798,1158,0.01,251.77155124303655,0.2174193015915687,False,1.0,171,3798,3400,398,-2.556498628119094,True,-2.556498628119094,1.7445798949686977,3798,0,0.36529045265754806,3.114803113965169e-120,0.3368223385692646,0.39364642463264504,0.3748733253723365,3400,41.92,94756963,35456772061,0.1048,DONE
spike,2018,starr_binding,2018,58841434994,0.3,1273,381.9,3441.4,5,True,2862,2864,2864,1273,2745,820,0.01,732.4881177420195,0.8932781923683165,False,1.0,504,3802,2230,1572,-1.8707336788225077,True,-1.8707336788225077,2.1221013781681406,3802,0,0.09955227851231192,7.665806359267634e-10,0.06490146461767077,0.13349721138656334,0.14100591925193773,2230,58.84,133853533,49656227882,0.4135,DONE
spike,2018,starr_expression,2018,58841434994,0.3,1273,381.9,3441.4,5,True,2862,2864,2864,1273,2745,820,0.01,732.4881177420195,0.8932781923683165,False,1.0,504,3798,2226,1572,-1.8691011317419328,True,-1.8691011317419328,2.1215097013620587,3798,0,0.17243862079627226,9.768031251132842e-27,0.14081240280107926,0.2035461253430523,0.23534230669162726,2226,58.84,133853533,49656227882,0.4139,DONE
spike,2018_t0.1,starr_binding,2018,58841434994,0.1,1273,127.30000000000001,2943.8,5,False,5690,5695,5695,1273,2746,653,0.01,710.9524327426923,1.0887479827606314,True,1.0,479,3802,3137,665,-2.205801838763038,True,-2.2058018387630383,2.090488044572313,3802,0,0.10945708104128721,1.3122149650433763e-11,0.07747150286915493,0.14105120082299283,0.12366417274634721,3137,58.84,133853533,49656227882,0.1749,DONE
spike,2018_t0.1,starr_expression,2018,58841434994,0.1,1273,127.30000000000001,2943.8,5,False,5690,5695,5695,1273,2746,653,0.01,710.9524327426923,1.0887479827606314,True,1.0,479,3798,3133,665,-2.2052288704050955,True,-2.2052288704050955,2.090171004121893,3798,0,0.20398341546896145,5.86074331826695e-37,0.17263235621853315,0.2345765989166436,0.22871683888372618,3133,58.84,133853533,49656227882,0.1751,DONE
spike,2018_t0.2,starr_binding,2018,58841434994,0.2,1273,254.60000000000002,2909.7,5,False,3155,3118,3118,1273,2745,807,0.01,710.3846828941995,0.8802784174649312,False,1.0,489,3802,1926,1876,-1.920981006783769,True,-1.920981006783769,2.1269286916086423,3802,0,0.08282417704931938,3.1527785156472596e-07,0.04980521068611116,0.1165123613976494,0.12137570492207492,1926,58.84,133853533,49656227882,0.4934,DONE
spike,2018_t0.2,starr_expression,2018,58841434994,0.2,1273,254.60000000000002,2909.7,5,False,3155,3118,3118,1273,2745,807,0.01,710.3846828941995,0.8802784174649312,False,1.0,489,3798,1922,1876,-1.9189715564907308,True,-1.9189715564907308,2.127026751377366,3798,0,0.12933200351965488,1.2294925092289308e-15,0.0973453176312049,0.16197385010295584,0.20757376305733938,1922,58.84,133853533,49656227882,0.4939,DONE
spike,2018_t0.4,starr_binding,2018,58841434994,0.4,1273,509.20000000000005,2767.9,5,False,2848,2849,2849,1273,2745,819,0.01,733.1489647306768,0.8951757811119374,False,1.0,500,3802,2230,1572,-1.8933075637524817,True,-1.8933075637524817,2.111708908622711,3802,0,0.11282691629567454,3.0166097120563192e-12,0.07840968161275617,0.14659109219404384,0.1665392745571104,2230,58.84,133853533,49656227882,0.4135,DONE
spike,2018_t0.4,starr_expression,2018,58841434994,0.4,1273,509.20000000000005,2767.9,5,False,2848,2849,2849,1273,2745,819,0.01,733.1489647306768,0.8951757811119374,False,1.0,500,3798,2226,1572,-1.8928376465855214,True,-1.8928376465855214,2.111687287208257,3798,0,0.16798964415806647,1.934879664865809e-25,0.1362197084818154,0.1997507614451718,0.22679705152174284,2226,58.84,133853533,49656227882,0.4139,DONE
spike,2018_t0.5,starr_binding,2018,58841434994,0.5,1273,636.5,2520.5,5,False,2283,1527,1527,1273,989,1147,0.01,284.5331791597993,0.24806728784638127,False,1.0,187,3802,3403,399,-2.6978013149598334,True,-2.6978013149598334,1.732886918088839,3802,0,0.2254293987442622,5.255083681379484e-45,0.19417981503493886,0.25646765681699457,0.23196163218957652,3403,58.84,133853533,49656227882,0.1049,DONE
spike,2018_t0.5,starr_expression,2018,58841434994,0.5,1273,636.5,2520.5,5,False,2283,1527,1527,1273,989,1147,0.01,284.5331791597993,0.24806728784638127,False,1.0,187,3798,3400,398,-2.698927988080409,True,-2.698927988080409,1.7326811731355456,3798,0,0.3709139567939519,3.4617199887736338e-124,0.34234889217071396,0.3994077322345999,0.37485941358913877,3400,58.84,133853533,49656227882,0.1048,DONE
spike,2020,starr_binding,2020,94265746446,0.3,1273,381.9,5597.1,5,True,3870,3873,3873,1273,3692,816,0.01,935.3500491091285,1.1462623150847162,True,1.0,633,3802,2230,1572,-1.8431724898236261,True,-1.8431724898236266,2.214260917422353,3802,0,0.1229765384760153,2.7583682875970938e-14,0.08912650722372112,0.1561079157495339,0.18604101754227553,2230,94.27,216491817,80303234933,0.4135,DONE
spike,2020,starr_expression,2020,94265746446,0.3,1273,381.9,5597.1,5,True,3870,3873,3873,1273,3692,816,0.01,935.3500491091285,1.1462623150847162,True,1.0,633,3798,2226,1572,-1.842856402155669,True,-1.842856402155669,2.2141030221054407,3798,0,0.18989670406654993,3.6056388972508113e-32,0.15781654942398335,0.22168691952274464,0.2636307345916188,2226,94.27,216491817,80303234933,0.4139,DONE
spike,2020_t0.1,starr_binding,2020,94265746446,0.1,1273,127.30000000000001,6321.0,5,False,7337,7624,7624,1273,3677,620,0.01,918.2683454638817,1.481077976554648,True,1.0,628,3802,3137,665,-2.226769410295027,True,-2.226769410295027,2.0917729490914527,3802,0,0.12840461874535358,1.898658096135229e-15,0.09652335335154895,0.16054522323051293,0.1429985780448542,3137,94.27,216491817,80303234933,0.1749,DONE
spike,2020_t0.1,starr_expression,2020,94265746446,0.1,1273,127.30000000000001,6321.0,5,False,7337,7624,7624,1273,3677,620,0.01,918.2683454638817,1.481077976554648,True,1.0,628,3798,3133,665,-2.226227716211791,True,-2.226227716211791,2.0912216836318773,3798,0,0.22003407975689512,7.262124607707249e-43,0.18961756454705858,0.2504054825999886,0.2427845589014865,3133,94.27,216491817,80303234933,0.1751,DONE
spike,2020_t0.2,starr_binding,2020,94265746446,0.2,1273,254.60000000000002,6266.5,5,False,4119,4114,4114,1273,3692,803,0.01,920.6265230025292,1.146483839355578,True,1.0,630,3802,2002,1800,-1.9349317696391495,True,-1.9349317696391493,2.18932628404014,3802,0,0.08686624079498814,8.113556113119127e-08,0.05429472632948746,0.11996405734510407,0.1332566026723121,2002,94.27,216491817,80303234933,0.4734,DONE
spike,2020_t0.2,starr_expression,2020,94265746446,0.2,1273,254.60000000000002,6266.5,5,False,4119,4114,4114,1273,3692,803,0.01,920.6265230025292,1.146483839355578,True,1.0,630,3798,1998,1800,-1.9325707238744718,True,-1.932570723874472,2.18768420348309,3798,0,0.12726627676633395,3.473352145798033e-15,0.09484501738296351,0.15932703850980143,0.20243185512818707,1998,94.27,216491817,80303234933,0.4739,DONE
spike,2020_t0.4,starr_binding,2020,94265746446,0.4,1273,509.20000000000005,5986.6,5,False,3857,3858,3858,1273,3692,814,0.01,951.7694771186156,1.1692499718901912,True,1.0,652,3802,2230,1572,-1.8192726715184062,True,-1.8192726715184064,2.202753251201696,3802,0,0.1363080570255431,3.133819986993122e-17,0.10314943534818118,0.16987359433441737,0.19328530970802835,2230,94.27,216491817,80303234933,0.4135,DONE
spike,2020_t0.4,starr_expression,2020,94265746446,0.4,1273,509.20000000000005,5986.6,5,False,3857,3858,3858,1273,3692,814,0.01,951.7694771186156,1.1692499718901912,True,1.0,652,3798,2226,1572,-1.8175535648901444,True,-1.8175535648901444,2.2023911205472335,3798,0,0.20191645372489248,3.115969590977687e-36,0.17028482710290377,0.23319231732658266,0.2721932835182706,2226,94.27,216491817,80303234933,0.4139,DONE
spike,2020_t0.5,starr_binding,2020,94265746446,0.5,1273,636.5,5570.9,5,False,3137,1928,1928,1273,1177,1166,0.01,354.51700985975674,0.30404546300150664,False,1.0,247,3802,3574,228,-2.6495247634849055,True,-2.6495247634849055,1.907821651642697,3802,0,0.2185385207428803,2.4503901186192642e-42,0.18728320172127225,0.2496392966600405,0.2215741846089416,3574,94.27,216491817,80303234933,0.06,DONE
spike,2020_t0.5,starr_expression,2020,94265746446,0.5,1273,636.5,5570.9,5,False,3137,1928,1928,1273,1177,1166,0.01,354.51700985975674,0.30404546300150664,False,1.0,247,3798,3570,228,-2.6501963170753027,True,-2.6501963170753027,1.9078450547314088,3798,0,0.36301637662395003,1.1750623348403265e-118,0.3339550051571921,0.39133328779528653,0.3655637263596128,3570,94.27,216491817,80303234933,0.06,DONE
spike,2022,starr_binding,2022,132765626704,0.3,1273,381.9,8036.3,5,True,6109,6137,6137,1273,5863,877,0.01,1418.6312868160858,1.6175955379886953,True,99.07645518411456,986,3802,3175,627,-3.2991316809664553,True,-3.2991316809664557,1.8716437240462616,3802,0,0.10634889811718758,4.8979478221824564e-11,0.0743023461181134,0.1382155605144894,0.1190581845155517,3175,132.77,297827854,113429464747,0.1649,DONE
spike,2022,starr_expression,2022,132765626704,0.3,1273,381.9,8036.3,5,True,6109,6137,6137,1273,5863,877,0.01,1418.6312868160858,1.6175955379886953,True,99.07645518411456,986,3798,3171,627,-3.298992171657806,True,-3.298992171657806,1.8708102573249994,3798,0,0.1886481673008284,9.201609906718829e-32,0.1569079965797425,0.21929907540918298,0.21055069200544543,3171,132.77,297827854,113429464747,0.1651,DONE
spike,2022_t0.1,starr_binding,2022,132765626704,0.1,1273,127.30000000000001,8386.1,5,False,10184,10958,10958,1273,5825,854,0.01,1257.4140956343665,1.472381845005113,True,100.90328561181045,895,3802,3175,627,-3.524759528373525,True,-3.5247595283735245,1.8197623074982745,3802,0,0.09857431889041736,1.1222987013160042e-09,0.06629702127888235,0.13081106364523026,0.1090644425418384,3175,132.77,297827854,113429464747,0.1649,DONE
spike,2022_t0.1,starr_expression,2022,132765626704,0.1,1273,127.30000000000001,8386.1,5,False,10184,10958,10958,1273,5825,854,0.01,1257.4140956343665,1.472381845005113,True,100.90328561181045,895,3798,3171,627,-3.5249614952501624,True,-3.5249614952501624,1.8190955103050719,3798,0,0.19418944841867378,1.3686132720718298e-33,0.16339848684885053,0.22494313564450322,0.21876105843399202,3171,132.77,297827854,113429464747,0.1651,DONE
spike,2022_t0.2,starr_binding,2022,132765626704,0.2,1273,254.60000000000002,8587.0,5,False,6369,6430,6430,1273,5862,878,0.01,1331.0476822959272,1.5159996381502587,True,101.69724970545431,923,3802,3175,627,-3.291885442624648,True,-3.2918854426246478,1.8658589160034913,3802,0,0.10248109299199822,2.3946811889228925e-10,0.07053891495092712,0.1346758257362707,0.11303143572668406,3175,132.77,297827854,113429464747,0.1649,DONE
spike,2022_t0.2,starr_expression,2022,132765626704,0.2,1273,254.60000000000002,8587.0,5,False,6369,6430,6430,1273,5862,878,0.01,1331.0476822959272,1.5159996381502587,True,101.69724970545431,923,3798,3171,627,-3.2919059756501428,True,-3.2919059756501428,1.8656997253321161,3798,0,0.1723105881658795,1.065667688993913e-26,0.14087021150047968,0.20297989225585125,0.18920501667213294,3171,132.77,297827854,113429464747,0.1651,DONE
spike,2022_t0.4,starr_binding,2022,132765626704,0.4,1273,509.20000000000005,8144.3,5,False,6092,6096,6096,1273,5861,883,0.01,1359.0054435900474,1.5390775125595102,True,100.65538207509567,954,3802,3175,627,-3.340410055543834,True,-3.340410055543834,1.852103228908525,3802,0,0.11675784368394013,5.135120756940339e-13,0.08485396519838466,0.14875777883734367,0.13037086313600108,3175,132.77,297827854,113429464747,0.1649,DONE
spike,2022_t0.4,starr_expression,2022,132765626704,0.4,1273,509.20000000000005,8144.3,5,False,6092,6096,6096,1273,5861,883,0.01,1359.0054435900474,1.5390775125595102,True,100.65538207509567,954,3798,3171,627,-3.3403970368745495,True,-3.3403970368745495,1.8513008339673058,3798,0,0.2020969325336056,2.6949405976718883e-36,0.17083549091699815,0.2328482587013457,0.22536254156035715,3171,132.77,297827854,113429464747,0.1651,DONE
spike,2022_t0.5,starr_binding,2022,132765626704,0.5,1273,636.5,7448.4,5,False,4524,3656,3656,1273,2748,1243,0.01,748.6142436915221,0.602264073766309,False,177.81528391666131,552,3802,3783,19,-4.776912523064587,True,-4.776912523064587,1.5475582610318113,3802,0,0.23649318587734133,1.7584049475717988e-49,0.20572189859618187,0.26755962297978936,0.24009761516085856,3783,132.77,297827854,113429464747,0.005,DONE
spike,2022_t0.5,starr_expression,2022,132765626704,0.5,1273,636.5,7448.4,5,False,4524,3656,3656,1273,2748,1243,0.01,748.6142436915221,0.602264073766309,False,177.81528391666131,552,3798,3779,19,-4.778007022244605,True,-4.778007022244606,1.546259317262326,3798,0,0.3478724750513473,1.764319548445324e-108,0.3172740494623335,0.37693581936085524,0.3474314744095956,3779,132.77,297827854,113429464747,0.005,DONE
spike,2024,starr_binding,2024,175787678944,0.3,1273,381.9,10039.0,5,False,6622,6648,6648,1273,6368,873,0.01,1557.3877401458478,1.783949301427088,True,107.250977672587,1079,3802,3175,627,-3.317756555175055,True,-3.317756555175055,1.8901851079062366,3802,0,0.10671795757058601,4.1970270620481974e-11,0.07472854457578376,0.13865512306976105,0.12174275820854058,3175,175.79,390790959,149633464343,0.1649,DONE
spike,2024,starr_expression,2024,175787678944,0.3,1273,381.9,10039.0,5,False,6622,6648,6648,1273,6368,873,0.01,1557.3877401458478,1.783949301427088,True,107.250977672587,1079,3798,3171,627,-3.317828480132786,True,-3.3178284801327855,1.8894219959036251,3798,0,0.19852665910146966,4.6397423993293596e-35,0.16731323507610726,0.22910589906417056,0.2210248355382547,3171,175.79,390790959,149633464343,0.1651,DONE
spike,2024_t0.1,starr_binding,2024,175787678944,0.1,1273,127.30000000000001,10480.7,5,False,10760,11518,11518,1273,6331,857,0.01,1479.3953133345526,1.726248907041485,True,111.56471067284929,1031,3802,3175,627,-3.5666682898745177,True,-3.566668289874518,1.8714806037697482,3802,0,0.09687822297049209,2.1550717725683515e-09,0.06451004815545427,0.12926468157179413,0.1092105392550094,3175,175.79,390790959,149633464343,0.1649,DONE
spike,2024_t0.1,starr_expression,2024,175787678944,0.1,1273,127.30000000000001,10480.7,5,False,10760,11518,11518,1273,6331,857,0.01,1479.3953133345526,1.726248907041485,True,111.56471067284929,1031,3798,3171,627,-3.5676978473376395,True,-3.5676978473376395,1.8711299255730982,3798,0,0.20163852424772888,3.895472168349102e-36,0.17107711806404852,0.23191902225773392,0.22860982340946986,3171,175.79,390790959,149633464343,0.1651,DONE
spike,2024_t0.2,starr_binding,2024,175787678944,0.2,1273,254.60000000000002,10635.7,5,False,6890,6957,6957,1273,6368,875,0.01,1587.1812479396424,1.8139214262167342,True,109.53912578836557,1101,3802,3156,646,-3.3637679351646277,True,-3.3637679351646277,1.9022430157677974,3802,0,0.09818726812722887,1.303737985493517e-09,0.0663327590563891,0.12998246190546497,0.1094422647241436,3156,175.79,390790959,149633464343,0.1699,DONE
spike,2024_t0.2,starr_expression,2024,175787678944,0.2,1273,254.60000000000002,10635.7,5,False,6890,6957,6957,1273,6368,875,0.01,1587.1812479396424,1.8139214262167342,True,109.53912578836557,1101,3798,3152,646,-3.3637919496369864,True,-3.3637919496369864,1.9022226690893957,3798,0,0.18139212470652977,1.8722868271387418e-29,0.14983535965477052,0.21196282376616643,0.20112335014323032,3152,175.79,390790959,149633464343,0.1701,DONE
spike,2024_t0.4,starr_binding,2024,175787678944,0.4,1273,509.20000000000005,10171.1,5,False,6595,6601,6601,1273,6367,883,0.01,1563.6887086311535,1.7708818897295058,True,110.54806894901893,1091,3802,3232,570,-3.295331318090896,True,-3.295331318090896,1.8821977185411443,3802,0,0.10292530175390588,2.00152135379982e-10,0.07118989513175909,0.1343642207554907,0.11608044582728803,3232,175.79,390790959,149633464343,0.1499,DONE
spike,2024_t0.4,starr_expression,2024,175787678944,0.4,1273,509.20000000000005,10171.1,5,False,6595,6601,6601,1273,6367,883,0.01,1563.6887086311535,1.7708818897295058,True,110.54806894901893,1091,3798,3228,570,-3.295472337514921,True,-3.295472337514921,1.8814746939492195,3798,0,0.1898302982167426,3.7904840669664647e-32,0.15873093797055626,0.22061770489388483,0.2086056619716117,3228,175.79,390790959,149633464343,0.1501,DONE
spike,2024_t0.5,starr_binding,2024,175787678944,0.5,1273,636.5,9216.4,5,False,6211,4077,4077,1273,3034,1240,0.01,867.4480575299265,0.6995548851047794,False,193.13880880054307,635,3802,3764,38,-4.789998937901066,True,-4.789998937901066,1.6013846104574414,3802,0,0.23117742742966174,2.6603420960879143e-47,0.2001715442409346,0.26199252725868893,0.23326263017330165,3764,175.79,390790959,149633464343,0.01,DONE
spike,2024_t0.5,starr_expression,2024,175787678944,0.5,1273,636.5,9216.4,5,False,6211,4077,4077,1273,3034,1240,0.01,867.4480575299265,0.6995548851047794,False,193.13880880054307,635,3798,3760,38,-4.790969888918795,True,-4.790969888918794,1.6002585532642635,3798,0,0.34542335371173655,6.924811651658483e-107,0.3152201375041874,0.3742746424646327,0.34540756780283577,3760,175.79,390790959,149633464343,0.01,DONE
spike,2026,starr_binding,2026,218561697876,0.3,1273,381.9,11939.8,5,False,6713,6747,6747,1273,6463,879,0.01,1664.0084222186842,1.8930698773818933,True,113.28840021298869,1160,3802,3194,608,-3.259075375563386,True,-3.2590753755633854,1.8340632052868115,3802,0,0.10981094418918948,1.126821334705795e-11,0.07803313588199015,0.14105410477761704,0.12437664038603423,3194,218.56,475217233,186451559337,0.1599,DONE
spike,2026,starr_expression,2026,218561697876,0.3,1273,381.9,11939.8,5,False,6713,6747,6747,1273,6463,879,0.01,1664.0084222186842,1.8930698773818933,True,113.28840021298869,1160,3798,3190,608,-3.25927534738218,True,-3.25927534738218,1.8330543081839696,3798,0,0.19603473477022026,3.274810806756613e-34,0.1649000922924512,0.22683435059442145,0.21739098972921758,3190,218.56,475217233,186451559337,0.1601,DONE
spike,2026_t0.1,starr_binding,2026,218561697876,0.1,1273,127.30000000000001,10823.7,5,False,10897,11663,11663,1273,6424,853,0.01,1488.8696770466133,1.74545096957399,True,118.42978990078352,1022,3802,3156,646,-3.5147606846314394,True,-3.5147606846314394,1.8165988742594397,3802,0,0.08887433736125286,4.040187047863325e-08,0.05655214170992138,0.12113258828537385,0.10478002986551205,3156,218.56,475217233,186451559337,0.1699,DONE
spike,2026_t0.1,starr_expression,2026,218561697876,0.1,1273,127.30000000000001,10823.7,5,False,10897,11663,11663,1273,6424,853,0.01,1488.8696770466133,1.74545096957399,True,118.42978990078352,1022,3798,3152,646,-3.5155972943636495,True,-3.5155972943636495,1.8161822446489089,3798,0,0.1979040943739801,7.57876065480574e-35,0.1665558785067692,0.2289148263098192,0.22643437714566703,3152,218.56,475217233,186451559337,0.1701,DONE
spike,2026_t0.2,starr_binding,2026,218561697876,0.2,1273,254.60000000000002,11021.1,5,False,6975,7052,7052,1273,6462,875,0.01,1593.2015242229295,1.8208017419690623,True,116.49972250832298,1114,3802,3118,684,-3.2934489720295783,True,-3.2934489720295783,1.8346005265666343,3802,0,0.09934591500895586,8.310433465860741e-10,0.06716320356330624,0.1312144217952898,0.1173567401103721,3118,218.56,475217233,186451559337,0.1799,DONE
spike,2026_t0.2,starr_expression,2026,218561697876,0.2,1273,254.60000000000002,11021.1,5,False,6975,7052,7052,1273,6462,875,0.01,1593.2015242229295,1.8208017419690623,True,116.49972250832298,1114,3798,3114,684,-3.293707395199675,True,-3.2937073951996747,1.8340527121038284,3798,0,0.1951408565584769,6.558936556873372e-34,0.1636720764566293,0.22566881375347647,0.22161120304998874,3114,218.56,475217233,186451559337,0.1801,DONE
spike,2026_t0.4,starr_binding,2026,218561697876,0.4,1273,509.20000000000005,10479.8,5,False,6695,6705,6705,1273,6460,883,0.01,1785.3745626776108,2.0219417470867618,True,114.56008050548553,1242,3802,3194,608,-3.2641170967654816,True,-3.2641170967654816,1.8491896029292407,3802,0,0.113073986279755,2.703676813470709e-12,0.08110116408326061,0.14451705348505997,0.1242692151565685,3194,218.56,475217233,186451559337,0.1599,DONE
spike,2026_t0.4,starr_expression,2026,218561697876,0.4,1273,509.20000000000005,10479.8,5,False,6695,6705,6705,1273,6460,883,0.01,1785.3745626776108,2.0219417470867618,True,114.56008050548553,1242,3798,3190,608,-3.2643741124113603,True,-3.2643741124113603,1.8481253959205166,3798,0,0.20365719271910263,7.638461901664618e-37,0.17266233415321608,0.2342622675296818,0.22275066421005724,3190,218.56,475217233,186451559337,0.1601,DONE
spike,2026_t0.5,starr_binding,2026,218561697876,0.5,1273,636.5,9591.1,5,False,6633,6181,6181,1273,3443,753,0.01,801.5543635189555,1.064481226452796,True,93.07676109350675,585,3802,748,3054,-3.406651511481152,True,-3.406651511481152,1.6071186985440566,3802,0,0.02615905710728563,0.10680482087472262,-0.010116861384554376,0.06256579567246466,0.08295527121878309,748,218.56,475217233,186451559337,0.8033,DONE
spike,2026_t0.5,starr_expression,2026,218561697876,0.5,1273,636.5,9591.1,5,False,6633,6181,6181,1273,3443,753,0.01,801.5543635189555,1.064481226452796,True,93.07676109350675,585,3798,745,3053,-3.410809918379968,True,-3.4108099183799676,1.6025733150880752,3798,0,0.056183588349609924,0.0005320602116489518,0.02075443917032049,0.09202049960203158,0.14487735827311465,745,218.56,475217233,186451559337,0.8038,DONE
